Transaction_ID,Date,Store_ID,Product_ID,Category,Quantity,Unit_Price,City,Payment_Method,Total_Amount
1,01-Jan-23,103,2751,Beauty,3,125.88,Delhi,NetBanking,377.64
2,01-Jan-23,436,3452,Beauty,5,188.46,Hyderabad,Cash,942.3
3,01-Jan-23,349,3855,Electronics,1,416.45,Mumbai,Card,416.45
4,01-Jan-23,271,2361,Home,1,324.97,Kolkata,NetBanking,324.97
5,01-Jan-23,107,3884,Electronics,4,25.66,Kolkata,Card,102.64
6,01-Jan-23,72,4512,Home,2,248.58,Delhi,NetBanking,497.16
7,01-Jan-23,189,1424,Grocery,4,444.24,Bangalore,Cash,1776.96
8,01-Jan-23,21,2489,Fashion,3,192.72,Chennai,UPI,578.16
9,01-Jan-23,103,1618,Electronics,5,348.8,Kolkata,Cash,1744
10,01-Jan-23,122,2518,Home,2,253.26,Bangalore,NetBanking,506.52
11,01-Jan-23,467,2726,Beauty,5,171.37,Mumbai,Cash,856.85
12,01-Jan-23,215,1172,Fashion,2,21.37,Kolkata,Cash,42.74
13,01-Jan-23,331,2030,Electronics,1,221.25,Delhi,NetBanking,221.25
14,01-Jan-23,459,3321,Home,4,359.06,Mumbai,Cash,1436.24
15,01-Jan-23,88,4544,Fashion,4,189.13,Mumbai,Cash,756.52
16,01-Jan-23,373,4615,Home,2,437.67,Delhi,Cash,875.34
17,01-Jan-23,100,2344,Beauty,3,211.78,Bangalore,NetBanking,635.34
18,01-Jan-23,360,4693,Electronics,4,77.86,Kolkata,Cash,311.44
19,01-Jan-23,152,2214,Home,1,335.5,Bangalore,Cash,335.5
20,01-Jan-23,131,1521,Beauty,3,236.34,Bangalore,Card,709.02
21,01-Jan-23,150,4837,Home,2,30.5,Kolkata,Card,61
22,01-Jan-23,309,3056,Beauty,2,109.79,Bangalore,UPI,219.58
23,01-Jan-23,258,1467,Grocery,1,150.96,Bangalore,UPI,150.96
24,01-Jan-23,344,2432,Fashion,5,405.9,Bangalore,UPI,2029.5
25,01-Jan-23,492,2499,Beauty,4,224.98,Hyderabad,Card,899.92
26,01-Jan-23,414,2334,Fashion,2,406.69,Delhi,UPI,813.38
27,01-Jan-23,294,3447,Beauty,2,359.94,Bangalore,Card,719.88
28,01-Jan-23,386,4675,Grocery,3,354.39,Mumbai,UPI,1063.17
29,01-Jan-23,192,1403,Beauty,2,290.53,Kolkata,UPI,581.06
30,01-Jan-23,444,1125,Home,5,230.29,Delhi,UPI,1151.45
31,01-Jan-23,277,4894,Fashion,2,100.74,Delhi,Card,201.48
32,01-Jan-23,161,1858,Electronics,4,46.65,Mumbai,NetBanking,186.6
33,01-Jan-23,460,2817,Home,2,442.8,Delhi,Card,885.6
34,01-Jan-23,314,2881,Beauty,3,452.22,Bangalore,NetBanking,1356.66
35,01-Jan-23,22,3009,Home,1,77.67,Mumbai,Cash,77.67
36,01-Jan-23,253,1533,Home,5,298.14,Mumbai,Cash,1490.7
37,01-Jan-23,236,3149,Fashion,3,362.22,Kolkata,NetBanking,1086.66
38,01-Jan-23,345,4078,Beauty,4,103.27,Chennai,UPI,413.08
39,01-Jan-23,49,2219,Fashion,1,214.98,Hyderabad,Cash,214.98
40,01-Jan-23,475,2123,Beauty,2,8.48,Delhi,NetBanking,16.96
41,01-Jan-23,59,3995,Fashion,4,368.65,Kolkata,Card,1474.6
42,01-Jan-23,170,1888,Fashion,3,12.26,Bangalore,NetBanking,36.78
43,01-Jan-23,476,4991,Beauty,4,436.86,Delhi,Cash,1747.44
44,01-Jan-23,188,1678,Electronics,2,400.27,Delhi,Cash,800.54
45,01-Jan-23,464,3973,Beauty,2,330.09,Delhi,NetBanking,660.18
46,01-Jan-23,271,1676,Home,5,109.17,Hyderabad,UPI,545.85
47,01-Jan-23,190,3084,Home,2,362.76,Bangalore,UPI,725.52
48,01-Jan-23,446,3952,Grocery,5,264.97,Delhi,Card,1324.85
49,01-Jan-23,175,2110,Beauty,2,125.71,Chennai,Card,251.42
50,01-Jan-23,446,3780,Home,2,404.13,Hyderabad,UPI,808.26
51,01-Jan-23,51,2204,Home,1,184.58,Chennai,Card,184.58
52,01-Jan-23,364,4821,Fashion,4,6.69,Delhi,UPI,26.76
53,01-Jan-23,55,4966,Fashion,1,306.31,Hyderabad,NetBanking,306.31
54,01-Jan-23,244,3730,Fashion,3,396.62,Mumbai,Card,1189.86
55,01-Jan-23,320,2220,Home,3,288.97,Chennai,Cash,866.91
56,01-Jan-23,131,3656,Grocery,1,319.99,Bangalore,NetBanking,319.99
57,01-Jan-23,485,1359,Electronics,4,153.01,Kolkata,Cash,612.04
58,01-Jan-23,307,3043,Electronics,2,162.74,Delhi,UPI,325.48
59,01-Jan-23,135,4170,Fashion,3,268.05,Bangalore,NetBanking,804.15
60,01-Jan-23,21,2868,Electronics,5,55.75,Kolkata,UPI,278.75
61,01-Jan-23,329,4798,Home,5,487.79,Delhi,Cash,2438.95
62,01-Jan-23,167,4438,Fashion,2,48.67,Bangalore,NetBanking,97.34
63,01-Jan-23,274,4376,Home,1,333.28,Bangalore,Cash,333.28
64,01-Jan-23,388,4481,Fashion,2,33.87,Bangalore,Cash,67.74
65,01-Jan-23,89,2057,Electronics,2,256.13,Hyderabad,Card,512.26
66,01-Jan-23,316,1685,Grocery,4,429.43,Bangalore,UPI,1717.72
67,01-Jan-23,14,3021,Fashion,1,370.43,Hyderabad,UPI,370.43
68,01-Jan-23,242,1730,Grocery,4,161.73,Chennai,NetBanking,646.92
69,01-Jan-23,265,3485,Electronics,5,475.15,Chennai,NetBanking,2375.75
70,01-Jan-23,346,1037,Beauty,2,314.18,Kolkata,Card,628.36
71,01-Jan-23,53,2142,Beauty,2,417.88,Mumbai,NetBanking,835.76
72,01-Jan-23,386,3161,Fashion,5,174.84,Mumbai,Card,874.2
73,01-Jan-23,340,3696,Grocery,1,459.61,Delhi,Cash,459.61
74,01-Jan-23,92,2597,Beauty,5,24.86,Kolkata,NetBanking,124.3
75,01-Jan-23,367,4441,Fashion,1,473.39,Hyderabad,Card,473.39
76,01-Jan-23,444,3105,Beauty,3,74.8,Hyderabad,UPI,224.4
77,01-Jan-23,455,3748,Grocery,5,233.63,Hyderabad,Card,1168.15
78,01-Jan-23,428,2872,Home,5,234.92,Mumbai,Card,1174.6
79,01-Jan-23,264,1504,Beauty,5,88.47,Mumbai,Card,442.35
80,01-Jan-23,431,3680,Electronics,5,495.45,Hyderabad,UPI,2477.25
81,01-Jan-23,35,4558,Fashion,5,157.09,Bangalore,Card,785.45
82,01-Jan-23,206,2301,Beauty,1,65.91,Chennai,Cash,65.91
83,01-Jan-23,81,3957,Grocery,2,77.38,Bangalore,NetBanking,154.76
84,01-Jan-23,420,3763,Grocery,1,177.88,Kolkata,NetBanking,177.88
85,01-Jan-23,50,2744,Grocery,3,394.16,Hyderabad,NetBanking,1182.48
86,01-Jan-23,360,2932,Home,5,176.71,Chennai,Cash,883.55
87,01-Jan-23,388,3857,Beauty,4,202.5,Hyderabad,Card,810
88,01-Jan-23,2,1537,Home,5,353.28,Delhi,Cash,1766.4
89,01-Jan-23,390,3137,Electronics,1,17.48,Delhi,Cash,17.48
90,01-Jan-23,54,3480,Beauty,1,344.42,Kolkata,NetBanking,344.42
91,01-Jan-23,106,4360,Fashion,2,461.74,Mumbai,UPI,923.48
92,01-Jan-23,260,3070,Beauty,2,96.06,Hyderabad,UPI,192.12
93,01-Jan-23,310,4631,Grocery,3,301.58,Bangalore,NetBanking,904.74
94,01-Jan-23,477,2174,Home,2,58,Chennai,UPI,116
95,01-Jan-23,191,4610,Home,4,476.24,Kolkata,NetBanking,1904.96
96,01-Jan-23,402,1974,Home,1,100.01,Mumbai,Card,100.01
97,01-Jan-23,218,2293,Beauty,2,215.39,Hyderabad,UPI,430.78
98,01-Jan-23,44,3410,Electronics,3,181.7,Kolkata,Card,545.1
99,01-Jan-23,162,1770,Fashion,1,475.81,Chennai,NetBanking,475.81
100,01-Jan-23,202,2691,Electronics,2,320.05,Hyderabad,UPI,640.1
101,01-Jan-23,446,3138,Electronics,1,153.52,Mumbai,UPI,153.52
102,01-Jan-23,484,2918,Home,5,332.43,Bangalore,UPI,1662.15
103,01-Jan-23,270,1364,Electronics,5,487.77,Bangalore,NetBanking,2438.85
104,01-Jan-23,351,4752,Fashion,1,343.5,Bangalore,UPI,343.5
105,01-Jan-23,304,1231,Electronics,2,349.34,Chennai,Card,698.68
106,01-Jan-23,271,3357,Electronics,1,304.86,Mumbai,Cash,304.86
107,01-Jan-23,456,1443,Electronics,4,29.42,Chennai,UPI,117.68
108,01-Jan-23,462,1516,Grocery,4,327.68,Kolkata,NetBanking,1310.72
109,01-Jan-23,215,3433,Home,4,98.2,Bangalore,Cash,392.8
110,01-Jan-23,252,3342,Fashion,3,47.6,Hyderabad,Cash,142.8
111,01-Jan-23,190,2674,Home,2,223.78,Chennai,UPI,447.56
112,01-Jan-23,296,4882,Grocery,5,143.91,Bangalore,Cash,719.55
113,01-Jan-23,213,3583,Fashion,1,311.71,Bangalore,NetBanking,311.71
114,01-Jan-23,208,1734,Electronics,4,329.29,Hyderabad,NetBanking,1317.16
115,01-Jan-23,237,4728,Home,2,169.11,Chennai,Card,338.22
116,01-Jan-23,338,1212,Home,2,488.89,Chennai,Card,977.78
117,01-Jan-23,367,4108,Electronics,2,82.64,Kolkata,UPI,165.28
118,01-Jan-23,53,4317,Beauty,2,344.8,Kolkata,NetBanking,689.6
119,01-Jan-23,280,3053,Beauty,3,15.99,Hyderabad,UPI,47.97
120,01-Jan-23,410,2039,Fashion,1,166.42,Kolkata,Cash,166.42
121,01-Jan-23,217,2695,Fashion,5,346.66,Hyderabad,NetBanking,1733.3
122,01-Jan-23,252,2255,Grocery,5,449.1,Kolkata,UPI,2245.5
123,01-Jan-23,188,3245,Electronics,3,330.92,Bangalore,UPI,992.76
124,01-Jan-23,380,4285,Home,2,436.91,Kolkata,Card,873.82
125,01-Jan-23,493,1506,Grocery,1,499.72,Hyderabad,Card,499.72
126,01-Jan-23,41,3762,Beauty,4,403.6,Delhi,UPI,1614.4
127,01-Jan-23,157,4428,Grocery,5,330.88,Kolkata,Cash,1654.4
128,01-Jan-23,15,3759,Electronics,1,149.22,Bangalore,UPI,149.22
129,01-Jan-23,301,2382,Fashion,4,467.05,Mumbai,UPI,1868.2
130,01-Jan-23,65,2991,Home,3,164.46,Chennai,NetBanking,493.38
131,01-Jan-23,345,2020,Beauty,3,281.66,Chennai,UPI,844.98
132,01-Jan-23,327,4793,Home,1,206.56,Chennai,UPI,206.56
133,01-Jan-23,9,1378,Home,5,112.77,Delhi,Card,563.85
134,01-Jan-23,344,1058,Grocery,1,262.56,Delhi,NetBanking,262.56
135,01-Jan-23,129,4030,Beauty,4,232.68,Mumbai,Cash,930.72
136,01-Jan-23,492,1319,Electronics,2,399.73,Mumbai,UPI,799.46
137,01-Jan-23,136,2478,Electronics,2,212.62,Chennai,Card,425.24
138,01-Jan-23,472,4364,Beauty,1,458.57,Mumbai,Card,458.57
139,01-Jan-23,63,4301,Grocery,5,103.75,Hyderabad,Cash,518.75
140,01-Jan-23,139,3925,Beauty,2,240.81,Kolkata,Cash,481.62
141,01-Jan-23,499,2240,Grocery,4,103.68,Delhi,UPI,414.72
142,01-Jan-23,81,2948,Electronics,3,333.58,Kolkata,UPI,1000.74
143,01-Jan-23,392,2202,Electronics,2,377.69,Mumbai,NetBanking,755.38
144,01-Jan-23,163,4305,Home,1,61.78,Kolkata,Cash,61.78
145,01-Jan-23,419,2402,Beauty,1,125.09,Delhi,Card,125.09
146,01-Jan-23,289,2723,Fashion,2,496.51,Mumbai,UPI,993.02
147,01-Jan-23,379,2614,Grocery,4,461.88,Delhi,Card,1847.52
148,01-Jan-23,261,1422,Grocery,1,266.19,Bangalore,Cash,266.19
149,01-Jan-23,490,2191,Electronics,4,364.57,Hyderabad,UPI,1458.28
150,01-Jan-23,231,1893,Fashion,3,172.88,Hyderabad,NetBanking,518.64
151,01-Jan-23,41,2599,Grocery,5,480.74,Delhi,Cash,2403.7
152,01-Jan-23,28,3922,Home,2,190.52,Kolkata,NetBanking,381.04
153,01-Jan-23,135,1450,Fashion,5,77.81,Mumbai,Cash,389.05
154,01-Jan-23,201,3154,Fashion,2,397.07,Kolkata,Cash,794.14
155,01-Jan-23,328,3238,Fashion,2,157.12,Chennai,NetBanking,314.24
156,01-Jan-23,268,3356,Beauty,5,413.98,Delhi,Card,2069.9
157,01-Jan-23,418,1504,Beauty,4,74.21,Chennai,UPI,296.84
158,01-Jan-23,33,2390,Beauty,4,138.53,Bangalore,Card,554.12
159,01-Jan-23,48,3218,Electronics,4,443.86,Hyderabad,Cash,1775.44
160,01-Jan-23,407,4634,Electronics,1,470.49,Chennai,Card,470.49
161,01-Jan-23,62,2210,Beauty,1,475.41,Bangalore,Card,475.41
162,01-Jan-23,216,4090,Electronics,3,106.06,Kolkata,NetBanking,318.18
163,01-Jan-23,293,2422,Grocery,4,99.72,Kolkata,Cash,398.88
164,01-Jan-23,99,4234,Grocery,4,427.54,Bangalore,NetBanking,1710.16
165,01-Jan-23,172,1201,Fashion,3,287.05,Kolkata,UPI,861.15
166,01-Jan-23,360,3381,Home,3,269.42,Kolkata,Card,808.26
167,01-Jan-23,214,1732,Grocery,1,424.99,Delhi,Cash,424.99
168,01-Jan-23,475,3244,Electronics,2,48.26,Hyderabad,Card,96.52
169,01-Jan-23,35,1658,Grocery,3,212.39,Bangalore,NetBanking,637.17
170,01-Jan-23,449,1109,Electronics,2,13.89,Kolkata,UPI,27.78
171,01-Jan-23,227,3879,Beauty,4,134,Kolkata,Card,536
172,01-Jan-23,101,4294,Grocery,4,102.3,Bangalore,NetBanking,409.2
173,01-Jan-23,431,4577,Fashion,4,90.33,Bangalore,UPI,361.32
174,01-Jan-23,462,1219,Home,2,222.02,Chennai,NetBanking,444.04
175,01-Jan-23,131,4403,Home,4,138.79,Bangalore,NetBanking,555.16
176,01-Jan-23,257,1873,Electronics,1,347.38,Chennai,NetBanking,347.38
177,01-Jan-23,5,3238,Electronics,3,444.46,Mumbai,NetBanking,1333.38
178,01-Jan-23,218,3981,Fashion,4,115.1,Chennai,UPI,460.4
179,01-Jan-23,255,3795,Beauty,1,376.35,Kolkata,Cash,376.35
180,01-Jan-23,398,2663,Electronics,5,162.65,Delhi,UPI,813.25
181,01-Jan-23,359,2588,Grocery,1,276.82,Delhi,UPI,276.82
182,01-Jan-23,283,3486,Fashion,3,367.7,Delhi,Card,1103.1
183,01-Jan-23,393,1099,Home,4,93.77,Mumbai,NetBanking,375.08
184,01-Jan-23,207,3749,Home,2,440.64,Mumbai,Cash,881.28
185,01-Jan-23,15,4090,Home,3,465.66,Mumbai,Cash,1396.98
186,01-Jan-23,346,3653,Fashion,3,347.29,Delhi,UPI,1041.87
187,01-Jan-23,42,3695,Home,2,327.16,Chennai,NetBanking,654.32
188,01-Jan-23,380,3206,Electronics,4,179.27,Bangalore,Cash,717.08
189,01-Jan-23,461,4680,Fashion,3,414.49,Mumbai,UPI,1243.47
190,01-Jan-23,179,4823,Electronics,5,334.45,Hyderabad,UPI,1672.25
191,01-Jan-23,63,1513,Grocery,4,401.24,Mumbai,Card,1604.96
192,01-Jan-23,352,4336,Beauty,4,158.79,Kolkata,UPI,635.16
193,01-Jan-23,231,3789,Fashion,1,471.87,Kolkata,UPI,471.87
194,01-Jan-23,241,4430,Fashion,4,339.64,Delhi,Cash,1358.56
195,01-Jan-23,52,3177,Grocery,4,300.21,Hyderabad,Card,1200.84
196,01-Jan-23,96,3201,Fashion,3,322.48,Kolkata,Cash,967.44
197,01-Jan-23,388,1609,Electronics,1,253.48,Bangalore,Cash,253.48
198,01-Jan-23,222,1990,Home,1,205.24,Mumbai,UPI,205.24
199,01-Jan-23,485,2237,Electronics,5,193.76,Hyderabad,Card,968.8
200,01-Jan-23,407,2164,Electronics,4,93.68,Chennai,NetBanking,374.72
201,01-Jan-23,231,2719,Beauty,3,42.05,Bangalore,NetBanking,126.15
202,01-Jan-23,237,3740,Grocery,3,428.39,Mumbai,NetBanking,1285.17
203,01-Jan-23,143,3257,Electronics,5,159.68,Hyderabad,UPI,798.4
204,01-Jan-23,171,3458,Electronics,5,270,Mumbai,UPI,1350
205,01-Jan-23,29,1635,Home,5,427.98,Mumbai,Card,2139.9
206,01-Jan-23,36,2223,Beauty,3,233.07,Kolkata,Cash,699.21
207,01-Jan-23,13,4877,Fashion,2,88.3,Hyderabad,UPI,176.6
208,01-Jan-23,160,2962,Beauty,3,12.41,Kolkata,Cash,37.23
209,01-Jan-23,327,1300,Beauty,3,398.2,Kolkata,NetBanking,1194.6
210,01-Jan-23,187,3549,Beauty,2,427.07,Bangalore,Card,854.14
211,01-Jan-23,243,1493,Electronics,1,283.96,Chennai,NetBanking,283.96
212,01-Jan-23,86,2065,Beauty,1,243.86,Hyderabad,NetBanking,243.86
213,01-Jan-23,284,4372,Beauty,2,252.97,Kolkata,Cash,505.94
214,01-Jan-23,66,2779,Electronics,4,284.45,Hyderabad,NetBanking,1137.8
215,01-Jan-23,170,3048,Beauty,1,394.47,Kolkata,UPI,394.47
216,01-Jan-23,45,4000,Home,3,323.08,Mumbai,Card,969.24
217,01-Jan-23,62,4874,Electronics,1,28.35,Chennai,UPI,28.35
218,01-Jan-23,441,1183,Grocery,4,262.33,Hyderabad,Cash,1049.32
219,01-Jan-23,134,4725,Fashion,1,214.71,Delhi,NetBanking,214.71
220,01-Jan-23,284,3566,Grocery,2,162.87,Bangalore,Cash,325.74
221,01-Jan-23,28,2729,Home,3,13.14,Mumbai,Cash,39.42
222,01-Jan-23,108,1582,Home,3,203.41,Bangalore,Cash,610.23
223,01-Jan-23,44,2286,Fashion,2,99.09,Mumbai,NetBanking,198.18
224,01-Jan-23,340,1516,Home,1,279.99,Delhi,Card,279.99
225,01-Jan-23,286,2018,Fashion,2,225.65,Delhi,Card,451.3
226,01-Jan-23,446,1434,Fashion,1,40.34,Chennai,NetBanking,40.34
227,01-Jan-23,331,1511,Electronics,1,426.12,Mumbai,UPI,426.12
228,01-Jan-23,128,1575,Beauty,5,383.07,Hyderabad,NetBanking,1915.35
229,01-Jan-23,348,2074,Beauty,3,281.27,Bangalore,Cash,843.81
230,01-Jan-23,473,4059,Home,1,285.39,Kolkata,Cash,285.39
231,01-Jan-23,231,4758,Grocery,1,277.14,Mumbai,NetBanking,277.14
232,01-Jan-23,190,1295,Electronics,5,464.42,Mumbai,UPI,2322.1
233,01-Jan-23,225,4143,Grocery,1,380.91,Delhi,Card,380.91
234,01-Jan-23,385,4798,Electronics,5,52.27,Hyderabad,UPI,261.35
235,01-Jan-23,377,4829,Grocery,4,282.5,Bangalore,NetBanking,1130
236,01-Jan-23,283,1670,Home,1,338.59,Bangalore,Card,338.59
237,01-Jan-23,446,2362,Grocery,3,260.47,Delhi,Cash,781.41
238,01-Jan-23,121,3105,Beauty,2,122.12,Chennai,Card,244.24
239,01-Jan-23,116,1475,Home,1,483.04,Delhi,NetBanking,483.04
240,01-Jan-23,461,4096,Beauty,1,137.64,Hyderabad,UPI,137.64
241,01-Jan-23,233,1504,Electronics,1,124.46,Mumbai,Cash,124.46
242,01-Jan-23,259,4232,Fashion,3,349.94,Kolkata,NetBanking,1049.82
243,01-Jan-23,359,3597,Electronics,2,491.24,Bangalore,NetBanking,982.48
244,01-Jan-23,198,4614,Home,3,334.76,Chennai,Card,1004.28
245,01-Jan-23,456,1262,Beauty,3,294.48,Kolkata,Cash,883.44
246,01-Jan-23,411,4257,Grocery,2,193.01,Mumbai,Cash,386.02
247,01-Jan-23,137,4485,Beauty,5,126.69,Bangalore,UPI,633.45
248,01-Jan-23,318,1785,Beauty,1,474.21,Mumbai,Card,474.21
249,01-Jan-23,165,4851,Electronics,2,281.87,Chennai,Cash,563.74
250,01-Jan-23,225,3616,Grocery,2,438.59,Bangalore,UPI,877.18
251,01-Jan-23,307,4639,Electronics,2,357.1,Kolkata,Cash,714.2
252,01-Jan-23,234,1387,Grocery,4,261.39,Delhi,NetBanking,1045.56
253,01-Jan-23,172,1280,Electronics,2,20.81,Mumbai,NetBanking,41.62
254,01-Jan-23,152,4992,Beauty,5,258.83,Kolkata,Cash,1294.15
255,01-Jan-23,463,1189,Electronics,5,119,Chennai,NetBanking,595
256,01-Jan-23,315,2520,Electronics,3,17.14,Kolkata,NetBanking,51.42
257,01-Jan-23,374,2741,Beauty,3,326.05,Kolkata,Cash,978.15
258,01-Jan-23,160,3304,Home,2,17.81,Bangalore,NetBanking,35.62
259,01-Jan-23,96,1334,Fashion,3,44.05,Kolkata,UPI,132.15
260,01-Jan-23,472,4363,Beauty,5,336.61,Mumbai,Cash,1683.05
261,01-Jan-23,233,3381,Beauty,1,72.69,Chennai,Cash,72.69
262,01-Jan-23,180,3342,Beauty,1,215.51,Bangalore,Card,215.51
263,01-Jan-23,113,3569,Beauty,5,227.06,Hyderabad,Cash,1135.3
264,01-Jan-23,318,1504,Beauty,3,200.93,Hyderabad,Card,602.79
265,01-Jan-23,497,1906,Fashion,2,220.93,Hyderabad,Card,441.86
266,01-Jan-23,442,1948,Fashion,3,474.95,Delhi,NetBanking,1424.85
267,01-Jan-23,52,1767,Electronics,2,116.08,Kolkata,Card,232.16
268,01-Jan-23,268,1783,Beauty,5,28.98,Chennai,NetBanking,144.9
269,01-Jan-23,295,2521,Beauty,3,64.22,Mumbai,Card,192.66
270,01-Jan-23,386,1822,Beauty,4,326.06,Chennai,UPI,1304.24
271,01-Jan-23,387,1001,Fashion,1,115.16,Chennai,Cash,115.16
272,01-Jan-23,113,1735,Fashion,2,170.03,Hyderabad,Card,340.06
273,01-Jan-23,101,1259,Beauty,2,240.6,Kolkata,UPI,481.2
274,01-Jan-23,113,3340,Electronics,3,172.46,Bangalore,Cash,517.38
275,01-Jan-23,440,4191,Grocery,5,62.14,Bangalore,NetBanking,310.7
276,01-Jan-23,81,1147,Home,5,60.61,Mumbai,NetBanking,303.05
277,01-Jan-23,187,1401,Fashion,4,166.17,Delhi,NetBanking,664.68
278,01-Jan-23,113,4272,Electronics,2,322.91,Hyderabad,NetBanking,645.82
279,01-Jan-23,2,2725,Electronics,2,139.91,Bangalore,NetBanking,279.82
280,01-Jan-23,130,4695,Home,4,493.27,Delhi,UPI,1973.08
281,01-Jan-23,220,2901,Electronics,2,442.76,Chennai,UPI,885.52
282,01-Jan-23,54,3725,Grocery,1,207.75,Hyderabad,UPI,207.75
283,01-Jan-23,343,4056,Home,1,407.08,Kolkata,NetBanking,407.08
284,01-Jan-23,485,2587,Fashion,3,28.95,Kolkata,NetBanking,86.85
285,01-Jan-23,224,4217,Fashion,3,235.9,Chennai,Card,707.7
286,01-Jan-23,225,4961,Electronics,4,322.68,Bangalore,Cash,1290.72
287,01-Jan-23,385,2894,Fashion,3,432.1,Bangalore,Card,1296.3
288,01-Jan-23,403,1029,Grocery,4,399.2,Kolkata,NetBanking,1596.8
289,01-Jan-23,126,4966,Fashion,2,455.04,Chennai,Cash,910.08
290,01-Jan-23,130,4119,Home,5,176.9,Delhi,NetBanking,884.5
291,01-Jan-23,53,4161,Electronics,2,22.25,Kolkata,UPI,44.5
292,01-Jan-23,172,2194,Fashion,5,203.74,Mumbai,NetBanking,1018.7
293,01-Jan-23,218,3589,Beauty,3,145.41,Bangalore,Card,436.23
294,01-Jan-23,160,2744,Home,2,119.05,Bangalore,NetBanking,238.1
295,01-Jan-23,198,4819,Beauty,3,155.18,Hyderabad,Card,465.54
296,01-Jan-23,416,2997,Beauty,2,136.49,Mumbai,Cash,272.98
297,01-Jan-23,247,1411,Beauty,5,137.52,Mumbai,Card,687.6
298,01-Jan-23,324,2560,Fashion,4,392.97,Bangalore,NetBanking,1571.88
299,01-Jan-23,439,1607,Electronics,4,148.51,Hyderabad,Cash,594.04
300,01-Jan-23,203,4319,Home,5,246.04,Bangalore,UPI,1230.2
301,01-Jan-23,184,3291,Grocery,5,318.2,Chennai,Card,1591
302,01-Jan-23,123,4643,Electronics,2,148.44,Hyderabad,UPI,296.88
303,01-Jan-23,401,2099,Fashion,4,104.64,Chennai,Card,418.56
304,01-Jan-23,255,2742,Beauty,5,173.27,Hyderabad,UPI,866.35
305,01-Jan-23,294,4438,Fashion,1,62.02,Hyderabad,Card,62.02
306,01-Jan-23,280,4195,Fashion,5,385.27,Kolkata,UPI,1926.35
307,01-Jan-23,325,4397,Grocery,5,250.5,Mumbai,Card,1252.5
308,01-Jan-23,372,1190,Home,3,450.52,Chennai,NetBanking,1351.56
309,01-Jan-23,98,2575,Fashion,5,178.73,Hyderabad,Cash,893.65
310,01-Jan-23,198,2331,Fashion,1,6.03,Kolkata,Card,6.03
311,01-Jan-23,470,4457,Electronics,2,314.27,Hyderabad,Card,628.54
312,01-Jan-23,395,2890,Grocery,3,53.38,Hyderabad,Cash,160.14
313,01-Jan-23,240,1222,Home,1,43.97,Delhi,UPI,43.97
314,01-Jan-23,144,1940,Fashion,4,135.51,Kolkata,Cash,542.04
315,01-Jan-23,97,2733,Grocery,2,93.63,Hyderabad,UPI,187.26
316,01-Jan-23,201,3181,Home,4,385.65,Bangalore,UPI,1542.6
317,01-Jan-23,124,1625,Home,5,484.77,Kolkata,UPI,2423.85
318,01-Jan-23,187,4137,Fashion,1,377.95,Mumbai,Cash,377.95
319,01-Jan-23,326,2085,Beauty,4,50.56,Mumbai,Card,202.24
320,01-Jan-23,464,1969,Grocery,2,148.96,Delhi,NetBanking,297.92
321,01-Jan-23,349,2497,Fashion,5,62.63,Chennai,NetBanking,313.15
322,01-Jan-23,259,1819,Home,4,144.45,Delhi,UPI,577.8
323,01-Jan-23,148,2764,Beauty,1,87.49,Bangalore,NetBanking,87.49
324,01-Jan-23,252,4452,Beauty,2,220.45,Delhi,Card,440.9
325,01-Jan-23,443,4238,Fashion,2,103,Kolkata,Cash,206
326,01-Jan-23,420,2899,Beauty,2,466.48,Chennai,UPI,932.96
327,01-Jan-23,403,3949,Home,2,150.58,Delhi,Card,301.16
328,01-Jan-23,346,1595,Beauty,5,470.54,Delhi,UPI,2352.7
329,01-Jan-23,451,4284,Fashion,5,384.87,Bangalore,UPI,1924.35
330,01-Jan-23,147,1969,Electronics,2,199.17,Mumbai,UPI,398.34
331,01-Jan-23,148,3519,Grocery,2,392.18,Bangalore,UPI,784.36
332,01-Jan-23,352,3190,Grocery,1,69.11,Chennai,Card,69.11
333,01-Jan-23,199,4819,Home,4,72.6,Hyderabad,Card,290.4
334,01-Jan-23,308,2017,Beauty,2,268.62,Bangalore,NetBanking,537.24
335,01-Jan-23,489,2441,Grocery,1,111.11,Delhi,Card,111.11
336,01-Jan-23,417,2637,Home,5,126.52,Mumbai,UPI,632.6
337,01-Jan-23,424,4275,Grocery,4,161.06,Kolkata,NetBanking,644.24
338,01-Jan-23,128,3875,Fashion,1,363.25,Mumbai,NetBanking,363.25
339,01-Jan-23,39,1029,Fashion,4,401.12,Kolkata,UPI,1604.48
340,01-Jan-23,338,4596,Grocery,2,495.08,Hyderabad,Cash,990.16
341,01-Jan-23,360,3587,Home,1,276.83,Delhi,Card,276.83
342,01-Jan-23,129,2104,Fashion,1,269.88,Delhi,NetBanking,269.88
343,01-Jan-23,267,1453,Grocery,2,425.4,Kolkata,Card,850.8
344,01-Jan-23,476,4689,Electronics,3,21.81,Hyderabad,Card,65.43
345,01-Jan-23,441,2229,Electronics,1,114.57,Mumbai,UPI,114.57
346,01-Jan-23,473,1378,Home,5,480.14,Chennai,Card,2400.7
347,01-Jan-23,434,2529,Electronics,1,361.59,Delhi,Card,361.59
348,01-Jan-23,151,4223,Beauty,3,201.13,Kolkata,UPI,603.39
349,01-Jan-23,415,1576,Electronics,4,215.6,Mumbai,UPI,862.4
350,01-Jan-23,478,1737,Beauty,2,262.18,Chennai,NetBanking,524.36
351,01-Jan-23,298,2789,Fashion,5,86.65,Delhi,NetBanking,433.25
352,01-Jan-23,99,2926,Electronics,4,409.57,Mumbai,NetBanking,1638.28
353,01-Jan-23,263,2929,Grocery,4,352.53,Mumbai,UPI,1410.12
354,01-Jan-23,252,4639,Grocery,1,81.81,Delhi,UPI,81.81
355,01-Jan-23,144,4919,Grocery,4,253.77,Mumbai,Cash,1015.08
356,01-Jan-23,346,1786,Grocery,2,252.95,Kolkata,UPI,505.9
357,01-Jan-23,112,1153,Fashion,1,424.61,Mumbai,UPI,424.61
358,01-Jan-23,500,2967,Home,5,173.99,Delhi,NetBanking,869.95
359,01-Jan-23,60,4128,Beauty,2,466.48,Delhi,Card,932.96
360,01-Jan-23,369,2643,Home,5,427.36,Chennai,NetBanking,2136.8
361,01-Jan-23,2,1046,Beauty,5,115.06,Mumbai,Cash,575.3
362,01-Jan-23,385,2763,Beauty,4,251.75,Chennai,UPI,1007
363,01-Jan-23,304,1103,Fashion,2,330.58,Bangalore,NetBanking,661.16
364,01-Jan-23,254,1233,Electronics,4,250.96,Delhi,UPI,1003.84
365,01-Jan-23,140,1165,Electronics,5,414.67,Chennai,Card,2073.35
366,01-Jan-23,453,3939,Grocery,1,292.59,Hyderabad,Cash,292.59
367,01-Jan-23,37,2396,Beauty,3,135.9,Bangalore,UPI,407.7
368,01-Jan-23,160,2980,Home,4,246.25,Bangalore,UPI,985
369,01-Jan-23,9,2208,Grocery,5,291.53,Chennai,Cash,1457.65
370,01-Jan-23,233,3849,Fashion,3,362.25,Mumbai,NetBanking,1086.75
371,01-Jan-23,99,4803,Electronics,3,307.27,Kolkata,UPI,921.81
372,01-Jan-23,147,3767,Fashion,3,295.95,Delhi,Cash,887.85
373,01-Jan-23,304,3795,Home,4,169.89,Kolkata,Card,679.56
374,01-Jan-23,208,4128,Electronics,4,21.46,Mumbai,Card,85.84
375,01-Jan-23,131,4956,Beauty,4,494.2,Mumbai,UPI,1976.8
376,01-Jan-23,404,3518,Beauty,5,169,Kolkata,UPI,845
377,01-Jan-23,152,4670,Fashion,5,248.39,Hyderabad,Card,1241.95
378,01-Jan-23,54,3545,Fashion,1,158.82,Bangalore,Card,158.82
379,01-Jan-23,120,1108,Beauty,1,455.46,Mumbai,Cash,455.46
380,01-Jan-23,161,2159,Grocery,1,282,Kolkata,Card,282
381,01-Jan-23,408,1328,Fashion,5,459.5,Bangalore,NetBanking,2297.5
382,01-Jan-23,116,3969,Fashion,2,246.94,Delhi,NetBanking,493.88
383,01-Jan-23,75,4656,Fashion,5,273.68,Bangalore,Card,1368.4
384,01-Jan-23,113,2160,Electronics,1,209.35,Chennai,NetBanking,209.35
385,01-Jan-23,456,3534,Fashion,1,208.85,Hyderabad,Card,208.85
386,01-Jan-23,420,2235,Fashion,5,165.52,Kolkata,NetBanking,827.6
387,01-Jan-23,422,4972,Electronics,3,358.46,Delhi,Card,1075.38
388,01-Jan-23,104,4128,Grocery,1,385.62,Hyderabad,Cash,385.62
389,01-Jan-23,340,2485,Fashion,3,291.93,Delhi,Card,875.79
390,01-Jan-23,254,2240,Electronics,5,237.73,Delhi,Card,1188.65
391,01-Jan-23,227,4197,Beauty,4,231.43,Bangalore,Card,925.72
392,01-Jan-23,112,1401,Grocery,4,123.04,Bangalore,Card,492.16
393,01-Jan-23,473,2657,Grocery,4,97.71,Hyderabad,Card,390.84
394,01-Jan-23,99,2887,Electronics,5,383.37,Mumbai,Card,1916.85
395,01-Jan-23,153,4188,Electronics,4,49.01,Mumbai,NetBanking,196.04
396,01-Jan-23,349,3604,Beauty,3,323.67,Bangalore,UPI,971.01
397,01-Jan-23,402,4309,Home,1,407.38,Delhi,NetBanking,407.38
398,01-Jan-23,384,3542,Electronics,4,195.62,Chennai,Cash,782.48
399,01-Jan-23,366,4606,Fashion,1,482.41,Bangalore,UPI,482.41
400,01-Jan-23,338,2381,Home,5,244.61,Mumbai,Card,1223.05
401,01-Jan-23,194,3574,Grocery,5,181.88,Hyderabad,UPI,909.4
402,01-Jan-23,310,2253,Home,4,325.21,Hyderabad,UPI,1300.84
403,01-Jan-23,163,4531,Home,5,95.89,Mumbai,Card,479.45
404,01-Jan-23,208,3939,Home,5,109.18,Hyderabad,Cash,545.9
405,01-Jan-23,445,3960,Electronics,1,30.41,Chennai,NetBanking,30.41
406,01-Jan-23,169,3145,Grocery,4,64.95,Mumbai,NetBanking,259.8
407,01-Jan-23,484,1662,Beauty,3,443.67,Chennai,Cash,1331.01
408,01-Jan-23,161,4683,Home,2,193.75,Bangalore,Card,387.5
409,01-Jan-23,68,4002,Grocery,4,285.84,Chennai,UPI,1143.36
410,01-Jan-23,289,4447,Fashion,5,334.4,Delhi,Card,1672
411,01-Jan-23,398,2340,Beauty,3,182.05,Hyderabad,UPI,546.15
412,01-Jan-23,277,2873,Grocery,5,292.18,Hyderabad,UPI,1460.9
413,01-Jan-23,304,2759,Electronics,2,231.59,Bangalore,UPI,463.18
414,01-Jan-23,404,1743,Fashion,5,239.2,Delhi,Card,1196
415,01-Jan-23,384,2645,Home,1,249,Chennai,UPI,249
416,01-Jan-23,392,3152,Fashion,3,386,Chennai,Card,1158
417,01-Jan-23,135,2337,Electronics,3,232.27,Bangalore,Card,696.81
418,01-Jan-23,195,2689,Fashion,4,460.1,Hyderabad,UPI,1840.4
419,01-Jan-23,401,3992,Electronics,3,315.38,Delhi,Cash,946.14
420,01-Jan-23,128,3351,Beauty,5,164.21,Delhi,UPI,821.05
421,01-Jan-23,33,1335,Beauty,3,11.69,Bangalore,Card,35.07
422,01-Jan-23,176,2035,Beauty,2,338.37,Bangalore,Card,676.74
423,01-Jan-23,460,2183,Electronics,2,58.56,Chennai,UPI,117.12
424,01-Jan-23,443,4642,Beauty,4,330.27,Bangalore,UPI,1321.08
425,01-Jan-23,371,4477,Home,2,498.61,Bangalore,NetBanking,997.22
426,01-Jan-23,470,4891,Electronics,1,165.86,Delhi,Card,165.86
427,01-Jan-23,375,2941,Grocery,3,148.65,Hyderabad,UPI,445.95
428,01-Jan-23,22,3135,Electronics,4,276.13,Kolkata,UPI,1104.52
429,01-Jan-23,238,3780,Beauty,1,343.21,Hyderabad,Cash,343.21
430,01-Jan-23,158,2831,Fashion,1,403.59,Delhi,Cash,403.59
431,01-Jan-23,38,3365,Grocery,5,238.99,Bangalore,UPI,1194.95
432,01-Jan-23,230,1055,Fashion,5,171.84,Bangalore,Cash,859.2
433,01-Jan-23,365,1490,Electronics,3,441.9,Bangalore,UPI,1325.7
434,01-Jan-23,51,3018,Beauty,2,409.97,Delhi,NetBanking,819.94
435,01-Jan-23,438,1787,Home,1,123.03,Delhi,Card,123.03
436,01-Jan-23,264,2067,Grocery,5,270,Bangalore,Card,1350
437,01-Jan-23,283,1524,Fashion,4,231.99,Kolkata,Cash,927.96
438,01-Jan-23,27,1452,Home,1,379.53,Mumbai,Card,379.53
439,01-Jan-23,226,4941,Fashion,1,363.29,Delhi,Card,363.29
440,01-Jan-23,277,2873,Home,1,456.35,Chennai,UPI,456.35
441,01-Jan-23,286,3552,Grocery,5,54.24,Mumbai,UPI,271.2
442,01-Jan-23,97,3507,Home,3,366.31,Mumbai,NetBanking,1098.93
443,01-Jan-23,284,2519,Home,5,159.03,Delhi,NetBanking,795.15
444,01-Jan-23,367,3589,Grocery,1,88.85,Delhi,Cash,88.85
445,01-Jan-23,448,1704,Electronics,1,114.89,Hyderabad,UPI,114.89
446,01-Jan-23,481,4435,Grocery,4,156.33,Hyderabad,Cash,625.32
447,01-Jan-23,453,1990,Fashion,5,473.62,Bangalore,Cash,2368.1
448,01-Jan-23,317,3999,Grocery,1,422.89,Delhi,Cash,422.89
449,01-Jan-23,304,3702,Beauty,1,352.31,Hyderabad,Card,352.31
450,01-Jan-23,147,1722,Beauty,4,39.05,Hyderabad,Cash,156.2
451,01-Jan-23,4,4583,Fashion,1,428.08,Mumbai,UPI,428.08
452,01-Jan-23,35,2796,Fashion,4,104.23,Chennai,NetBanking,416.92
453,01-Jan-23,192,3895,Electronics,4,480.47,Mumbai,NetBanking,1921.88
454,01-Jan-23,49,2386,Beauty,3,155.1,Hyderabad,Card,465.3
455,01-Jan-23,17,3795,Fashion,1,265.53,Delhi,UPI,265.53
456,01-Jan-23,172,2413,Grocery,5,220.75,Hyderabad,Cash,1103.75
457,01-Jan-23,220,1444,Grocery,1,152.55,Hyderabad,NetBanking,152.55
458,01-Jan-23,158,1201,Home,4,213.64,Delhi,NetBanking,854.56
459,01-Jan-23,477,3575,Beauty,3,111.65,Bangalore,UPI,334.95
460,01-Jan-23,46,2014,Home,3,333.17,Hyderabad,Cash,999.51
461,01-Jan-23,373,2780,Fashion,3,253.95,Bangalore,UPI,761.85
462,01-Jan-23,6,4524,Home,3,110.17,Mumbai,Cash,330.51
463,01-Jan-23,99,1565,Electronics,5,287.78,Bangalore,Cash,1438.9
464,01-Jan-23,380,3411,Fashion,3,122.51,Bangalore,NetBanking,367.53
465,01-Jan-23,233,2728,Beauty,1,170.65,Mumbai,UPI,170.65
466,01-Jan-23,37,1452,Home,5,477.36,Kolkata,Card,2386.8
467,01-Jan-23,280,3955,Grocery,1,394.42,Chennai,Cash,394.42
468,01-Jan-23,349,3031,Home,3,16.06,Bangalore,UPI,48.18
469,01-Jan-23,497,4109,Grocery,1,206.16,Chennai,Card,206.16
470,01-Jan-23,302,4044,Electronics,4,93.81,Bangalore,Cash,375.24
471,01-Jan-23,181,1531,Home,2,445.74,Hyderabad,NetBanking,891.48
472,01-Jan-23,95,3418,Fashion,4,461.43,Hyderabad,NetBanking,1845.72
473,01-Jan-23,99,4655,Beauty,1,200.52,Kolkata,Card,200.52
474,01-Jan-23,188,4847,Fashion,1,162.15,Bangalore,NetBanking,162.15
475,01-Jan-23,481,4910,Fashion,4,396.6,Hyderabad,NetBanking,1586.4
476,01-Jan-23,116,2501,Beauty,4,490.15,Delhi,NetBanking,1960.6
477,01-Jan-23,191,2918,Fashion,3,284.77,Hyderabad,UPI,854.31
478,01-Jan-23,253,3091,Fashion,4,42.95,Bangalore,Card,171.8
479,01-Jan-23,469,3559,Fashion,3,492.96,Hyderabad,NetBanking,1478.88
480,01-Jan-23,416,2586,Electronics,4,72.21,Hyderabad,NetBanking,288.84
481,01-Jan-23,471,3514,Beauty,2,485.25,Bangalore,Cash,970.5
482,01-Jan-23,161,4736,Beauty,5,116.08,Delhi,NetBanking,580.4
483,01-Jan-23,256,2742,Grocery,4,122.66,Mumbai,NetBanking,490.64
484,01-Jan-23,323,1882,Grocery,2,446.87,Bangalore,Cash,893.74
485,01-Jan-23,128,3491,Electronics,5,136.38,Chennai,Cash,681.9
486,01-Jan-23,18,1112,Home,3,118.34,Kolkata,NetBanking,355.02
487,01-Jan-23,281,2974,Home,1,11.25,Kolkata,UPI,11.25
488,01-Jan-23,490,2088,Home,2,268.41,Mumbai,NetBanking,536.82
489,01-Jan-23,223,4416,Grocery,5,471.89,Hyderabad,NetBanking,2359.45
490,01-Jan-23,54,3038,Fashion,4,126.73,Bangalore,NetBanking,506.92
491,01-Jan-23,58,2890,Electronics,3,358.3,Mumbai,UPI,1074.9
492,01-Jan-23,323,2627,Electronics,2,391.57,Kolkata,Cash,783.14
493,01-Jan-23,360,4540,Beauty,2,260.82,Kolkata,Cash,521.64
494,01-Jan-23,174,4135,Beauty,4,106.01,Hyderabad,NetBanking,424.04
495,01-Jan-23,280,3838,Electronics,3,458.84,Kolkata,Card,1376.52
496,01-Jan-23,114,2820,Home,1,17.86,Hyderabad,Card,17.86
497,01-Jan-23,288,2888,Electronics,3,23.51,Chennai,Cash,70.53
498,01-Jan-23,431,4673,Fashion,2,152.9,Hyderabad,Card,305.8
499,01-Jan-23,342,1886,Fashion,2,475.74,Kolkata,NetBanking,951.48
500,01-Jan-23,151,3605,Home,3,98.69,Hyderabad,NetBanking,296.07
501,01-Jan-23,450,4445,Electronics,4,76.01,Bangalore,Cash,304.04
502,01-Jan-23,127,4788,Fashion,3,123.5,Mumbai,NetBanking,370.5
503,01-Jan-23,155,1899,Home,3,452.51,Bangalore,Cash,1357.53
504,01-Jan-23,490,2888,Home,5,401.93,Mumbai,NetBanking,2009.65
505,01-Jan-23,386,2609,Electronics,5,24.01,Kolkata,UPI,120.05
506,01-Jan-23,474,2446,Electronics,3,36.11,Mumbai,Card,108.33
507,01-Jan-23,273,4347,Home,2,461.84,Mumbai,Cash,923.68
508,01-Jan-23,104,2573,Beauty,2,487.76,Mumbai,NetBanking,975.52
509,01-Jan-23,417,4185,Electronics,2,302.08,Mumbai,UPI,604.16
510,01-Jan-23,393,3270,Home,3,68.44,Bangalore,NetBanking,205.32
511,01-Jan-23,299,1716,Fashion,5,295.36,Delhi,Card,1476.8
512,01-Jan-23,246,4617,Grocery,5,379.86,Hyderabad,Cash,1899.3
513,01-Jan-23,176,1074,Beauty,2,372.32,Bangalore,UPI,744.64
514,01-Jan-23,39,1282,Electronics,1,194.69,Bangalore,Card,194.69
515,01-Jan-23,477,1902,Fashion,2,222.51,Hyderabad,UPI,445.02
516,01-Jan-23,170,1496,Grocery,5,446.1,Delhi,Card,2230.5
517,01-Jan-23,247,1782,Fashion,2,13.54,Kolkata,Cash,27.08
518,01-Jan-23,26,4517,Fashion,5,209.56,Delhi,UPI,1047.8
519,01-Jan-23,355,3614,Home,2,402.67,Mumbai,NetBanking,805.34
520,01-Jan-23,306,3634,Beauty,5,145.87,Kolkata,Cash,729.35
521,01-Jan-23,409,2537,Home,3,298.57,Bangalore,NetBanking,895.71
522,01-Jan-23,408,1650,Fashion,2,51.84,Mumbai,UPI,103.68
523,01-Jan-23,13,3221,Electronics,5,146.12,Mumbai,NetBanking,730.6
524,01-Jan-23,316,4304,Home,4,57.73,Chennai,UPI,230.92
525,01-Jan-23,391,3668,Fashion,4,485.37,Bangalore,Card,1941.48
526,01-Jan-23,313,2206,Electronics,3,222.08,Hyderabad,UPI,666.24
527,01-Jan-23,36,2128,Fashion,2,440.58,Hyderabad,Cash,881.16
528,01-Jan-23,173,2304,Grocery,3,324.92,Hyderabad,NetBanking,974.76
529,01-Jan-23,20,2207,Beauty,1,302.23,Mumbai,NetBanking,302.23
530,01-Jan-23,321,2230,Home,4,106.98,Mumbai,NetBanking,427.92
531,01-Jan-23,264,3241,Grocery,2,17.4,Bangalore,Card,34.8
532,01-Jan-23,494,1021,Home,2,81.25,Hyderabad,Cash,162.5
533,01-Jan-23,400,2277,Fashion,3,272.89,Mumbai,UPI,818.67
534,01-Jan-23,142,2097,Grocery,2,387.98,Kolkata,Card,775.96
535,01-Jan-23,460,3915,Beauty,4,48.79,Mumbai,NetBanking,195.16
536,01-Jan-23,371,3591,Grocery,4,429.92,Mumbai,Cash,1719.68
537,01-Jan-23,471,2082,Grocery,1,354.7,Hyderabad,UPI,354.7
538,01-Jan-23,143,1588,Electronics,3,179.73,Mumbai,Cash,539.19
539,01-Jan-23,92,3847,Grocery,2,448.57,Kolkata,UPI,897.14
540,01-Jan-23,354,4555,Grocery,4,62.46,Kolkata,NetBanking,249.84
541,01-Jan-23,322,4457,Electronics,3,179.19,Delhi,UPI,537.57
542,01-Jan-23,288,4980,Fashion,5,55.18,Chennai,Card,275.9
543,01-Jan-23,215,4561,Grocery,3,109.8,Chennai,NetBanking,329.4
544,01-Jan-23,447,1582,Grocery,5,161.5,Delhi,NetBanking,807.5
545,01-Jan-23,342,4898,Electronics,3,282.13,Hyderabad,UPI,846.39
546,01-Jan-23,51,2912,Beauty,2,362.65,Kolkata,Cash,725.3
547,01-Jan-23,153,1031,Beauty,3,157.13,Kolkata,UPI,471.39
548,01-Jan-23,186,4068,Home,4,241.54,Mumbai,Card,966.16
549,01-Jan-23,63,4940,Home,3,42.63,Chennai,UPI,127.89
550,01-Jan-23,190,3403,Fashion,2,112.13,Bangalore,Card,224.26
551,01-Jan-23,125,4484,Home,3,40.46,Hyderabad,NetBanking,121.38
552,01-Jan-23,150,3342,Home,4,201.59,Hyderabad,NetBanking,806.36
553,01-Jan-23,314,1820,Fashion,4,20.71,Mumbai,Card,82.84
554,01-Jan-23,58,2193,Home,1,493.42,Kolkata,Cash,493.42
555,01-Jan-23,342,3506,Electronics,5,360.44,Chennai,Cash,1802.2
556,01-Jan-23,305,2611,Home,3,233.48,Chennai,Card,700.44
557,01-Jan-23,180,3167,Fashion,5,471.75,Bangalore,NetBanking,2358.75
558,01-Jan-23,170,1881,Beauty,1,38.26,Kolkata,UPI,38.26
559,01-Jan-23,326,3611,Grocery,3,350.82,Kolkata,NetBanking,1052.46
560,01-Jan-23,271,3531,Home,1,363.11,Chennai,Cash,363.11
561,01-Jan-23,54,2562,Beauty,1,428.67,Hyderabad,UPI,428.67
562,01-Jan-23,491,3522,Electronics,1,174.3,Bangalore,NetBanking,174.3
563,01-Jan-23,444,1669,Beauty,3,154.89,Kolkata,Cash,464.67
564,01-Jan-23,101,4702,Fashion,3,429.83,Bangalore,Card,1289.49
565,01-Jan-23,481,1256,Fashion,1,427.27,Mumbai,Cash,427.27
566,01-Jan-23,264,3777,Fashion,4,377.97,Chennai,Card,1511.88
567,01-Jan-23,53,3914,Fashion,3,383.04,Mumbai,Card,1149.12
568,01-Jan-23,60,1059,Home,4,360.48,Kolkata,UPI,1441.92
569,01-Jan-23,492,1007,Beauty,2,84.76,Mumbai,UPI,169.52
570,01-Jan-23,108,4803,Electronics,2,307.05,Delhi,Cash,614.1
571,01-Jan-23,5,2411,Beauty,4,223.67,Chennai,Cash,894.68
572,01-Jan-23,103,2118,Beauty,3,32.28,Delhi,Card,96.84
573,01-Jan-23,196,2017,Home,4,391.72,Kolkata,UPI,1566.88
574,01-Jan-23,262,4325,Home,4,295.42,Bangalore,Cash,1181.68
575,01-Jan-23,365,1956,Electronics,3,104.7,Bangalore,UPI,314.1
576,01-Jan-23,480,2464,Electronics,1,311.5,Chennai,Cash,311.5
577,01-Jan-23,372,1331,Grocery,3,159.36,Kolkata,Cash,478.08
578,01-Jan-23,350,4152,Beauty,4,483.68,Mumbai,Cash,1934.72
579,01-Jan-23,47,2956,Grocery,5,441.43,Delhi,UPI,2207.15
580,01-Jan-23,355,2904,Fashion,3,326.11,Hyderabad,Cash,978.33
581,01-Jan-23,311,3705,Beauty,5,77.54,Hyderabad,NetBanking,387.7
582,01-Jan-23,424,3273,Beauty,5,432.33,Mumbai,UPI,2161.65
583,01-Jan-23,308,1597,Home,5,220.99,Hyderabad,Card,1104.95
584,01-Jan-23,144,1885,Grocery,1,253.05,Bangalore,NetBanking,253.05
585,01-Jan-23,269,3479,Grocery,1,478.98,Chennai,UPI,478.98
586,01-Jan-23,370,2419,Grocery,1,484.08,Bangalore,Card,484.08
587,01-Jan-23,124,3344,Home,5,59.7,Hyderabad,UPI,298.5
588,01-Jan-23,106,1972,Electronics,5,135.35,Hyderabad,Card,676.75
589,01-Jan-23,158,3265,Home,4,237.66,Kolkata,Cash,950.64
590,01-Jan-23,147,1417,Electronics,3,76.47,Kolkata,NetBanking,229.41
591,01-Jan-23,145,2228,Grocery,2,222.64,Delhi,NetBanking,445.28
592,01-Jan-23,120,1943,Fashion,3,415.85,Delhi,NetBanking,1247.55
593,01-Jan-23,319,3370,Fashion,3,175.78,Mumbai,Cash,527.34
594,01-Jan-23,275,1058,Electronics,3,393.3,Kolkata,UPI,1179.9
595,01-Jan-23,92,1611,Electronics,4,164.08,Bangalore,Cash,656.32
596,01-Jan-23,58,4260,Electronics,3,149.06,Bangalore,UPI,447.18
597,01-Jan-23,439,2317,Home,5,189.07,Hyderabad,NetBanking,945.35
598,01-Jan-23,346,2519,Fashion,1,436.24,Mumbai,UPI,436.24
599,01-Jan-23,229,4386,Home,4,291.67,Mumbai,UPI,1166.68
600,01-Jan-23,474,3103,Beauty,4,404.73,Chennai,NetBanking,1618.92
601,01-Jan-23,117,2506,Grocery,5,441.56,Kolkata,Cash,2207.8
602,01-Jan-23,318,1745,Home,1,401,Bangalore,NetBanking,401
603,01-Jan-23,279,3040,Fashion,5,159,Bangalore,Cash,795
604,01-Jan-23,127,4844,Grocery,4,100.35,Hyderabad,Card,401.4
605,01-Jan-23,393,4959,Beauty,2,460.67,Bangalore,Cash,921.34
606,01-Jan-23,396,1612,Grocery,3,285.28,Delhi,Card,855.84
607,01-Jan-23,129,1247,Electronics,1,85.56,Hyderabad,Card,85.56
608,01-Jan-23,58,4697,Electronics,4,172,Mumbai,UPI,688
609,01-Jan-23,122,3710,Beauty,5,25.79,Delhi,UPI,128.95
610,01-Jan-23,1,2643,Electronics,1,96.3,Bangalore,Card,96.3
611,01-Jan-23,239,3785,Home,2,9.08,Mumbai,UPI,18.16
612,01-Jan-23,290,1838,Electronics,4,143.94,Hyderabad,NetBanking,575.76
613,01-Jan-23,96,4035,Grocery,1,125.25,Kolkata,UPI,125.25
614,01-Jan-23,126,2438,Electronics,1,35.61,Chennai,UPI,35.61
615,01-Jan-23,118,3920,Home,2,378.52,Delhi,Card,757.04
616,01-Jan-23,48,1649,Beauty,5,165.8,Kolkata,Cash,829
617,01-Jan-23,89,2380,Fashion,2,120.08,Hyderabad,UPI,240.16
618,01-Jan-23,488,3990,Fashion,3,393.67,Chennai,NetBanking,1181.01
619,01-Jan-23,237,2506,Home,3,292.41,Bangalore,Card,877.23
620,01-Jan-23,373,1920,Fashion,3,73.37,Hyderabad,UPI,220.11
621,01-Jan-23,385,2969,Electronics,1,298.33,Chennai,Card,298.33
622,01-Jan-23,272,4077,Electronics,1,17.33,Delhi,Card,17.33
623,01-Jan-23,189,4749,Home,4,431.83,Mumbai,NetBanking,1727.32
624,01-Jan-23,487,2572,Electronics,3,411.81,Chennai,Cash,1235.43
625,01-Jan-23,192,2516,Fashion,1,281.86,Bangalore,Cash,281.86
626,01-Jan-23,447,4806,Beauty,4,334.63,Mumbai,UPI,1338.52
627,01-Jan-23,69,4927,Fashion,2,209.72,Delhi,Card,419.44
628,01-Jan-23,278,1565,Beauty,4,398.43,Delhi,NetBanking,1593.72
629,01-Jan-23,349,1988,Home,5,28.67,Kolkata,Card,143.35
630,01-Jan-23,247,3852,Electronics,3,314.1,Chennai,Cash,942.3
631,01-Jan-23,451,1866,Fashion,4,135.16,Hyderabad,Cash,540.64
632,01-Jan-23,76,4841,Home,4,54.19,Hyderabad,UPI,216.76
633,01-Jan-23,154,1846,Beauty,2,275.27,Chennai,NetBanking,550.54
634,01-Jan-23,144,3219,Beauty,3,78.23,Hyderabad,NetBanking,234.69
635,01-Jan-23,435,2600,Fashion,3,467.66,Hyderabad,NetBanking,1402.98
636,01-Jan-23,485,2752,Beauty,4,142.15,Mumbai,NetBanking,568.6
637,01-Jan-23,86,2289,Grocery,2,422.69,Kolkata,UPI,845.38
638,01-Jan-23,185,1375,Home,5,109.24,Delhi,NetBanking,546.2
639,01-Jan-23,285,4937,Electronics,2,448.13,Hyderabad,NetBanking,896.26
640,01-Jan-23,462,3151,Grocery,2,179.98,Mumbai,UPI,359.96
641,01-Jan-23,220,4140,Electronics,1,482.75,Mumbai,Cash,482.75
642,01-Jan-23,69,3236,Fashion,4,72.89,Mumbai,NetBanking,291.56
643,01-Jan-23,47,1337,Grocery,4,64.51,Chennai,Card,258.04
644,01-Jan-23,497,4679,Electronics,2,323.87,Chennai,NetBanking,647.74
645,01-Jan-23,94,4713,Home,3,183.4,Mumbai,Card,550.2
646,01-Jan-23,238,3334,Grocery,5,80.93,Mumbai,Card,404.65
647,01-Jan-23,446,2311,Home,5,148.65,Chennai,UPI,743.25
648,01-Jan-23,500,2172,Electronics,2,361.94,Bangalore,UPI,723.88
649,01-Jan-23,453,4025,Grocery,1,302.86,Kolkata,UPI,302.86
650,01-Jan-23,204,2544,Grocery,4,379.53,Kolkata,Card,1518.12
651,01-Jan-23,400,2110,Grocery,5,484.21,Mumbai,Card,2421.05
652,01-Jan-23,218,3725,Home,5,5.95,Kolkata,Card,29.75
653,01-Jan-23,474,4158,Electronics,5,91.22,Bangalore,UPI,456.1
654,01-Jan-23,432,2398,Electronics,1,292.66,Bangalore,Card,292.66
655,01-Jan-23,341,1783,Fashion,5,411.9,Delhi,UPI,2059.5
656,01-Jan-23,39,2294,Electronics,5,177.98,Chennai,Card,889.9
657,01-Jan-23,100,3967,Beauty,5,112.57,Kolkata,NetBanking,562.85
658,01-Jan-23,289,3355,Electronics,3,301.03,Chennai,Card,903.09
659,01-Jan-23,254,1238,Home,4,394.52,Kolkata,Card,1578.08
660,01-Jan-23,222,2384,Fashion,3,315.83,Mumbai,Cash,947.49
661,01-Jan-23,357,3085,Fashion,1,234.22,Kolkata,Card,234.22
662,01-Jan-23,23,3255,Grocery,3,407.07,Kolkata,NetBanking,1221.21
663,01-Jan-23,250,1938,Grocery,2,307.23,Mumbai,NetBanking,614.46
664,01-Jan-23,10,4924,Home,5,208.33,Bangalore,Card,1041.65
665,01-Jan-23,246,3585,Electronics,5,52.63,Mumbai,NetBanking,263.15
666,01-Jan-23,325,2465,Beauty,4,448.5,Mumbai,Cash,1794
667,01-Jan-23,100,4372,Beauty,1,331.11,Mumbai,Cash,331.11
668,01-Jan-23,290,2314,Fashion,5,76.97,Kolkata,UPI,384.85
669,01-Jan-23,180,4116,Electronics,3,452.27,Bangalore,NetBanking,1356.81
670,01-Jan-23,223,1665,Home,2,19.51,Bangalore,Cash,39.02
671,01-Jan-23,394,4055,Home,4,329.14,Chennai,NetBanking,1316.56
672,01-Jan-23,250,3275,Electronics,2,167.58,Mumbai,Cash,335.16
673,01-Jan-23,147,3498,Home,1,378.35,Bangalore,NetBanking,378.35
674,01-Jan-23,442,1793,Home,2,269.21,Kolkata,Card,538.42
675,01-Jan-23,96,3415,Grocery,3,165.29,Delhi,NetBanking,495.87
676,01-Jan-23,257,2286,Beauty,5,34.27,Bangalore,Card,171.35
677,01-Jan-23,325,4862,Home,3,14.63,Kolkata,NetBanking,43.89
678,01-Jan-23,493,2640,Fashion,3,79.18,Bangalore,Cash,237.54
679,01-Jan-23,4,3230,Beauty,1,271.98,Kolkata,NetBanking,271.98
680,01-Jan-23,16,2938,Grocery,3,201.51,Mumbai,Cash,604.53
681,01-Jan-23,280,3188,Electronics,1,399.51,Mumbai,NetBanking,399.51
682,01-Jan-23,336,3006,Grocery,1,162.58,Kolkata,Cash,162.58
683,01-Jan-23,247,2600,Home,5,192.6,Mumbai,NetBanking,963
684,01-Jan-23,258,2413,Electronics,1,74.37,Mumbai,Cash,74.37
685,01-Jan-23,497,4655,Electronics,3,423.15,Hyderabad,NetBanking,1269.45
686,01-Jan-23,476,3789,Grocery,2,309.56,Bangalore,NetBanking,619.12
687,01-Jan-23,384,1987,Grocery,1,143.01,Delhi,Card,143.01
688,01-Jan-23,160,2371,Fashion,1,202.42,Kolkata,NetBanking,202.42
689,01-Jan-23,475,2103,Fashion,4,345.86,Kolkata,Cash,1383.44
690,01-Jan-23,340,3932,Home,1,347.55,Kolkata,UPI,347.55
691,01-Jan-23,152,1863,Fashion,4,455.63,Kolkata,Card,1822.52
692,01-Jan-23,396,1022,Fashion,4,462.38,Delhi,UPI,1849.52
693,01-Jan-23,178,3365,Fashion,3,219.08,Bangalore,Card,657.24
694,01-Jan-23,163,3821,Grocery,3,98.45,Hyderabad,Cash,295.35
695,01-Jan-23,380,3758,Electronics,2,32.39,Bangalore,Card,64.78
696,01-Jan-23,33,3630,Fashion,5,85.18,Hyderabad,Card,425.9
697,01-Jan-23,417,4004,Electronics,1,11.92,Delhi,Cash,11.92
698,01-Jan-23,445,3696,Electronics,2,148.73,Kolkata,Cash,297.46
699,01-Jan-23,179,2881,Fashion,5,91.92,Kolkata,UPI,459.6
700,01-Jan-23,427,2518,Grocery,1,126.31,Delhi,Card,126.31
701,01-Jan-23,101,4282,Electronics,1,139.52,Chennai,Card,139.52
702,01-Jan-23,268,1730,Beauty,4,375.68,Kolkata,UPI,1502.72
703,01-Jan-23,323,1808,Electronics,5,189.1,Chennai,UPI,945.5
704,01-Jan-23,65,2356,Home,1,106.46,Delhi,NetBanking,106.46
705,01-Jan-23,417,2236,Grocery,3,310.65,Hyderabad,Card,931.95
706,01-Jan-23,168,1923,Grocery,2,189.97,Kolkata,NetBanking,379.94
707,01-Jan-23,330,4198,Grocery,2,156.26,Delhi,UPI,312.52
708,01-Jan-23,43,2923,Grocery,2,364.12,Delhi,Cash,728.24
709,01-Jan-23,44,2223,Grocery,2,71.25,Delhi,Cash,142.5
710,01-Jan-23,285,1544,Electronics,1,353.29,Mumbai,Card,353.29
711,01-Jan-23,397,2550,Beauty,4,394,Delhi,UPI,1576
712,01-Jan-23,12,1568,Grocery,1,30.9,Delhi,UPI,30.9
713,01-Jan-23,95,4315,Beauty,2,458.01,Bangalore,Cash,916.02
714,01-Jan-23,302,3054,Home,4,449.81,Delhi,UPI,1799.24
715,01-Jan-23,386,1965,Grocery,5,62.09,Bangalore,UPI,310.45
716,01-Jan-23,253,3993,Fashion,1,102.81,Kolkata,NetBanking,102.81
717,01-Jan-23,499,1847,Beauty,3,110.01,Mumbai,NetBanking,330.03
718,01-Jan-23,242,1063,Electronics,1,159.66,Mumbai,UPI,159.66
719,01-Jan-23,35,4649,Electronics,3,494.31,Bangalore,UPI,1482.93
720,01-Jan-23,215,3776,Fashion,5,494.77,Chennai,Card,2473.85
721,01-Jan-23,337,1818,Beauty,5,77.48,Kolkata,UPI,387.4
722,01-Jan-23,90,1786,Fashion,3,198.01,Hyderabad,Card,594.03
723,01-Jan-23,264,1563,Electronics,4,55.58,Bangalore,Cash,222.32
724,01-Jan-23,93,2636,Home,4,453.13,Hyderabad,Card,1812.52
725,01-Jan-23,410,2790,Grocery,1,202.9,Delhi,Card,202.9
726,01-Jan-23,458,2988,Home,3,336.25,Delhi,NetBanking,1008.75
727,01-Jan-23,90,1826,Fashion,2,171.78,Bangalore,NetBanking,343.56
728,01-Jan-23,418,2593,Grocery,1,403.99,Kolkata,NetBanking,403.99
729,01-Jan-23,115,3451,Fashion,2,272.14,Delhi,Cash,544.28
730,01-Jan-23,105,1887,Fashion,1,129.87,Kolkata,Cash,129.87
731,01-Jan-23,391,2142,Beauty,2,283.41,Hyderabad,Card,566.82
732,01-Jan-23,196,4606,Home,2,206.93,Delhi,Card,413.86
733,01-Jan-23,314,2230,Electronics,2,323.99,Hyderabad,NetBanking,647.98
734,01-Jan-23,114,2800,Home,5,166.47,Delhi,Cash,832.35
735,01-Jan-23,493,2414,Home,1,126.2,Delhi,NetBanking,126.2
736,01-Jan-23,75,3788,Beauty,4,378.66,Delhi,UPI,1514.64
737,01-Jan-23,413,4586,Electronics,5,117.19,Hyderabad,UPI,585.95
738,01-Jan-23,376,3686,Beauty,4,284.76,Chennai,Card,1139.04
739,01-Jan-23,420,2623,Electronics,1,426.94,Mumbai,Cash,426.94
740,01-Jan-23,217,1596,Home,5,356.35,Hyderabad,NetBanking,1781.75
741,01-Jan-23,277,4165,Grocery,4,189.6,Bangalore,Card,758.4
742,01-Jan-23,249,4985,Fashion,3,28.95,Bangalore,Cash,86.85
743,01-Jan-23,164,1441,Grocery,4,231.65,Kolkata,UPI,926.6
744,01-Jan-23,394,4919,Home,4,65.47,Chennai,NetBanking,261.88
745,01-Jan-23,357,2004,Grocery,5,394.76,Mumbai,NetBanking,1973.8
746,01-Jan-23,457,1625,Beauty,2,335.34,Mumbai,NetBanking,670.68
747,01-Jan-23,408,4664,Electronics,2,165.73,Mumbai,UPI,331.46
748,01-Jan-23,192,3992,Beauty,3,123.4,Bangalore,Card,370.2
749,01-Jan-23,227,3586,Fashion,5,258.56,Delhi,Cash,1292.8
750,01-Jan-23,177,2131,Home,4,346.97,Delhi,NetBanking,1387.88
751,01-Jan-23,99,2737,Home,1,13.1,Delhi,NetBanking,13.1
752,01-Jan-23,496,4645,Fashion,3,21.39,Hyderabad,Cash,64.17
753,01-Jan-23,36,4987,Beauty,5,26.19,Mumbai,NetBanking,130.95
754,01-Jan-23,466,1255,Fashion,4,24.72,Bangalore,NetBanking,98.88
755,01-Jan-23,497,1788,Home,2,492.91,Hyderabad,Cash,985.82
756,01-Jan-23,487,3766,Grocery,4,243.62,Bangalore,NetBanking,974.48
757,01-Jan-23,96,4722,Fashion,3,46.33,Mumbai,Cash,138.99
758,01-Jan-23,152,4849,Beauty,4,26.34,Delhi,Card,105.36
759,01-Jan-23,151,2549,Fashion,1,405.86,Hyderabad,Card,405.86
760,01-Jan-23,190,3232,Grocery,4,237.97,Hyderabad,NetBanking,951.88
761,01-Jan-23,224,3412,Fashion,1,159.64,Chennai,Card,159.64
762,01-Jan-23,37,4190,Beauty,2,218.24,Hyderabad,UPI,436.48
763,01-Jan-23,268,3415,Grocery,1,276.34,Mumbai,Card,276.34
764,01-Jan-23,369,3302,Electronics,5,10.39,Kolkata,Card,51.95
765,01-Jan-23,183,3735,Grocery,1,392.31,Chennai,NetBanking,392.31
766,01-Jan-23,13,4144,Electronics,1,307.34,Hyderabad,NetBanking,307.34
767,01-Jan-23,279,4948,Electronics,4,193.77,Chennai,UPI,775.08
768,01-Jan-23,217,3413,Home,4,433.61,Mumbai,UPI,1734.44
769,01-Jan-23,355,3205,Grocery,2,133.74,Chennai,NetBanking,267.48
770,01-Jan-23,361,2934,Fashion,1,447.87,Chennai,Cash,447.87
771,01-Jan-23,286,1080,Electronics,4,153.29,Bangalore,Card,613.16
772,01-Jan-23,273,1053,Fashion,3,71.18,Kolkata,Cash,213.54
773,01-Jan-23,369,3271,Electronics,5,9.63,Kolkata,NetBanking,48.15
774,01-Jan-23,62,2952,Home,4,103.91,Chennai,UPI,415.64
775,01-Jan-23,84,3831,Fashion,1,355.5,Kolkata,Card,355.5
776,01-Jan-23,368,2362,Grocery,5,468.26,Hyderabad,UPI,2341.3
777,01-Jan-23,217,2842,Fashion,4,136.73,Hyderabad,UPI,546.92
778,01-Jan-23,342,4128,Fashion,3,297.58,Hyderabad,NetBanking,892.74
779,01-Jan-23,397,3051,Grocery,3,412.35,Mumbai,NetBanking,1237.05
780,01-Jan-23,187,4716,Electronics,1,189.71,Bangalore,Card,189.71
781,01-Jan-23,19,2061,Fashion,3,343.78,Mumbai,Cash,1031.34
782,01-Jan-23,177,3951,Home,5,145.11,Hyderabad,NetBanking,725.55
783,01-Jan-23,100,3361,Beauty,1,8.79,Hyderabad,Card,8.79
784,01-Jan-23,396,2767,Fashion,1,203.12,Chennai,UPI,203.12
785,01-Jan-23,445,2943,Electronics,4,388.4,Hyderabad,NetBanking,1553.6
786,01-Jan-23,233,2054,Grocery,3,476.8,Delhi,NetBanking,1430.4
787,01-Jan-23,403,2786,Home,1,320.76,Kolkata,Cash,320.76
788,01-Jan-23,76,1404,Beauty,5,108.02,Delhi,Card,540.1
789,01-Jan-23,265,2869,Electronics,1,48.07,Chennai,UPI,48.07
790,01-Jan-23,455,1582,Grocery,2,443.42,Delhi,UPI,886.84
791,01-Jan-23,284,4394,Electronics,1,59.36,Mumbai,Card,59.36
792,01-Jan-23,206,2049,Electronics,2,288.55,Delhi,NetBanking,577.1
793,01-Jan-23,223,3075,Beauty,1,309.22,Delhi,NetBanking,309.22
794,01-Jan-23,384,2387,Grocery,4,409.46,Kolkata,Card,1637.84
795,01-Jan-23,52,4666,Grocery,5,135.57,Mumbai,NetBanking,677.85
796,01-Jan-23,339,1140,Beauty,4,181.42,Bangalore,Card,725.68
797,01-Jan-23,367,2850,Grocery,1,54.59,Chennai,Card,54.59
798,01-Jan-23,144,2716,Beauty,5,79.36,Delhi,Cash,396.8
799,01-Jan-23,373,4264,Electronics,2,181.8,Kolkata,NetBanking,363.6
800,01-Jan-23,69,3278,Grocery,3,55.18,Kolkata,Card,165.54
801,01-Jan-23,99,1549,Grocery,3,380.14,Delhi,Cash,1140.42
802,01-Jan-23,396,1764,Home,2,213.26,Bangalore,Cash,426.52
803,01-Jan-23,25,3696,Beauty,4,12.2,Delhi,Cash,48.8
804,01-Jan-23,436,1468,Grocery,2,193.4,Kolkata,Card,386.8
805,01-Jan-23,379,3752,Beauty,1,110.31,Bangalore,UPI,110.31
806,01-Jan-23,469,4143,Beauty,2,182.83,Hyderabad,NetBanking,365.66
807,01-Jan-23,484,1661,Beauty,3,128.64,Chennai,Cash,385.92
808,01-Jan-23,53,2561,Home,4,216.32,Mumbai,UPI,865.28
809,01-Jan-23,151,1574,Beauty,4,37.15,Delhi,Cash,148.6
810,01-Jan-23,144,2115,Electronics,4,291.14,Hyderabad,Card,1164.56
811,01-Jan-23,57,3256,Grocery,4,150.7,Bangalore,NetBanking,602.8
812,01-Jan-23,39,3108,Electronics,2,77.51,Bangalore,Cash,155.02
813,01-Jan-23,109,4896,Fashion,1,308.64,Mumbai,NetBanking,308.64
814,01-Jan-23,181,1020,Fashion,2,349.18,Chennai,Card,698.36
815,01-Jan-23,42,2115,Grocery,2,362.88,Hyderabad,UPI,725.76
816,01-Jan-23,186,2873,Electronics,3,48.51,Mumbai,NetBanking,145.53
817,01-Jan-23,423,4616,Electronics,2,148.77,Hyderabad,Cash,297.54
818,01-Jan-23,398,4932,Home,4,383.03,Mumbai,Card,1532.12
819,01-Jan-23,223,4294,Home,1,132.25,Bangalore,Card,132.25
820,01-Jan-23,122,3571,Home,5,37.19,Mumbai,Card,185.95
821,01-Jan-23,133,3037,Home,4,35.02,Bangalore,Cash,140.08
822,01-Jan-23,163,1314,Beauty,5,221.33,Hyderabad,Card,1106.65
823,01-Jan-23,215,1045,Grocery,3,366.31,Delhi,UPI,1098.93
824,01-Jan-23,221,3770,Grocery,4,212.28,Kolkata,NetBanking,849.12
825,01-Jan-23,235,4552,Beauty,5,491.08,Hyderabad,NetBanking,2455.4
826,01-Jan-23,331,2653,Electronics,5,250.23,Hyderabad,UPI,1251.15
827,01-Jan-23,146,4165,Electronics,2,378.47,Hyderabad,Card,756.94
828,01-Jan-23,239,2285,Home,4,231.83,Kolkata,Card,927.32
829,01-Jan-23,76,2939,Electronics,5,327.28,Bangalore,UPI,1636.4
830,01-Jan-23,9,2653,Home,5,249.06,Mumbai,Card,1245.3
831,01-Jan-23,74,2952,Beauty,3,391.9,Kolkata,NetBanking,1175.7
832,01-Jan-23,442,2308,Beauty,3,180.56,Bangalore,Card,541.68
833,01-Jan-23,492,4252,Beauty,3,263.83,Kolkata,NetBanking,791.49
834,01-Jan-23,401,3292,Beauty,1,321.1,Kolkata,NetBanking,321.1
835,01-Jan-23,253,1565,Grocery,3,129.28,Bangalore,NetBanking,387.84
836,01-Jan-23,230,2972,Electronics,5,33.69,Bangalore,NetBanking,168.45
837,01-Jan-23,7,1880,Fashion,3,300.29,Bangalore,UPI,900.87
838,01-Jan-23,174,3210,Grocery,2,221.12,Delhi,UPI,442.24
839,01-Jan-23,141,2561,Grocery,5,380.67,Kolkata,Cash,1903.35
840,01-Jan-23,168,4350,Home,3,17.59,Bangalore,UPI,52.77
841,01-Jan-23,170,2444,Beauty,1,411.87,Chennai,Cash,411.87
842,01-Jan-23,393,3970,Beauty,5,422.55,Chennai,NetBanking,2112.75
843,01-Jan-23,434,2967,Beauty,5,288.15,Bangalore,NetBanking,1440.75
844,01-Jan-23,283,3991,Fashion,3,165.14,Delhi,Card,495.42
845,01-Jan-23,122,4222,Electronics,1,285.92,Bangalore,NetBanking,285.92
846,01-Jan-23,194,1293,Home,4,259.64,Kolkata,Cash,1038.56
847,01-Jan-23,5,1945,Grocery,5,13.87,Delhi,NetBanking,69.35
848,01-Jan-23,29,3801,Electronics,4,434.66,Chennai,Card,1738.64
849,01-Jan-23,165,2949,Electronics,3,130.45,Hyderabad,Card,391.35
850,01-Jan-23,422,4378,Grocery,1,112.12,Mumbai,NetBanking,112.12
851,01-Jan-23,339,1880,Fashion,1,56.14,Kolkata,Card,56.14
852,01-Jan-23,136,1362,Fashion,3,369.11,Chennai,UPI,1107.33
853,01-Jan-23,496,4305,Electronics,3,250.93,Delhi,Cash,752.79
854,01-Jan-23,365,4601,Beauty,3,170.63,Kolkata,UPI,511.89
855,01-Jan-23,321,4633,Beauty,1,440.77,Chennai,Cash,440.77
856,01-Jan-23,342,3751,Home,2,380.17,Bangalore,Card,760.34
857,01-Jan-23,500,1221,Home,1,24.53,Bangalore,Card,24.53
858,01-Jan-23,145,1082,Beauty,3,149.55,Delhi,NetBanking,448.65
859,01-Jan-23,327,4062,Electronics,4,227.53,Delhi,NetBanking,910.12
860,01-Jan-23,217,1620,Home,2,418.53,Hyderabad,NetBanking,837.06
861,01-Jan-23,301,4135,Home,4,441.54,Hyderabad,UPI,1766.16
862,01-Jan-23,132,4753,Home,1,341.39,Kolkata,Card,341.39
863,01-Jan-23,292,4498,Electronics,1,35.65,Chennai,Card,35.65
864,01-Jan-23,70,3048,Beauty,5,225.93,Bangalore,UPI,1129.65
865,01-Jan-23,252,2196,Beauty,1,450.93,Bangalore,Cash,450.93
866,01-Jan-23,415,3499,Grocery,5,23.4,Kolkata,Card,117
867,01-Jan-23,275,1592,Home,1,112.46,Bangalore,Cash,112.46
868,01-Jan-23,445,4236,Electronics,3,27.49,Bangalore,Card,82.47
869,01-Jan-23,364,4653,Fashion,5,11.05,Hyderabad,Cash,55.25
870,01-Jan-23,182,3151,Grocery,3,38.88,Chennai,Cash,116.64
871,01-Jan-23,167,4568,Beauty,1,299.4,Mumbai,UPI,299.4
872,01-Jan-23,91,2899,Beauty,1,440.7,Mumbai,Cash,440.7
873,01-Jan-23,202,2905,Fashion,3,217.49,Mumbai,UPI,652.47
874,01-Jan-23,346,2512,Home,2,284.47,Delhi,NetBanking,568.94
875,01-Jan-23,19,4192,Grocery,3,302.98,Bangalore,NetBanking,908.94
876,01-Jan-23,39,1798,Electronics,1,481.08,Chennai,Card,481.08
877,01-Jan-23,126,1293,Electronics,5,86.03,Kolkata,Cash,430.15
878,01-Jan-23,451,2301,Home,3,227.41,Kolkata,Cash,682.23
879,01-Jan-23,173,1212,Fashion,1,447.46,Kolkata,Cash,447.46
880,01-Jan-23,141,1469,Electronics,1,455.86,Chennai,UPI,455.86
881,01-Jan-23,242,2138,Beauty,2,439.42,Delhi,Cash,878.84
882,01-Jan-23,220,4756,Electronics,4,448.84,Mumbai,Cash,1795.36
883,01-Jan-23,126,2186,Electronics,2,238.09,Mumbai,Cash,476.18
884,01-Jan-23,58,4707,Electronics,5,32.85,Chennai,UPI,164.25
885,01-Jan-23,148,4420,Home,3,492.55,Bangalore,Card,1477.65
886,01-Jan-23,476,4863,Home,1,102.59,Delhi,UPI,102.59
887,01-Jan-23,456,1189,Home,1,41.7,Kolkata,Card,41.7
888,01-Jan-23,317,1272,Beauty,1,496.14,Mumbai,NetBanking,496.14
889,01-Jan-23,383,1995,Home,4,304.08,Delhi,NetBanking,1216.32
890,01-Jan-23,361,3988,Grocery,4,228.33,Kolkata,UPI,913.32
891,01-Jan-23,423,3111,Beauty,5,165.87,Hyderabad,Cash,829.35
892,01-Jan-23,1,4889,Electronics,2,309.13,Kolkata,Cash,618.26
893,01-Jan-23,387,2531,Home,5,263.62,Bangalore,NetBanking,1318.1
894,01-Jan-23,461,2558,Fashion,4,369.6,Bangalore,Cash,1478.4
895,01-Jan-23,348,1585,Fashion,4,6.42,Chennai,Card,25.68
896,01-Jan-23,190,3932,Electronics,4,345.6,Delhi,Card,1382.4
897,01-Jan-23,191,4804,Grocery,2,227.21,Delhi,Cash,454.42
898,01-Jan-23,369,3660,Fashion,4,117.51,Bangalore,Cash,470.04
899,01-Jan-23,409,1410,Fashion,3,338.84,Mumbai,NetBanking,1016.52
900,01-Jan-23,312,2427,Electronics,2,444.16,Chennai,Cash,888.32
901,01-Jan-23,417,3699,Home,3,340.71,Chennai,Cash,1022.13
902,01-Jan-23,422,4237,Home,2,25.54,Hyderabad,UPI,51.08
903,01-Jan-23,117,3361,Fashion,5,200.64,Chennai,NetBanking,1003.2
904,01-Jan-23,134,1453,Beauty,2,393.79,Delhi,Cash,787.58
905,01-Jan-23,58,4509,Fashion,3,264.37,Chennai,UPI,793.11
906,01-Jan-23,44,3265,Beauty,2,172.32,Hyderabad,Card,344.64
907,01-Jan-23,173,4031,Fashion,2,314.34,Delhi,UPI,628.68
908,01-Jan-23,160,1749,Electronics,4,253.26,Delhi,Cash,1013.04
909,01-Jan-23,173,4265,Fashion,3,309.78,Mumbai,NetBanking,929.34
910,01-Jan-23,317,3175,Grocery,4,363.14,Hyderabad,NetBanking,1452.56
911,01-Jan-23,303,2475,Grocery,5,302.66,Chennai,NetBanking,1513.3
912,01-Jan-23,149,4165,Beauty,2,173.99,Hyderabad,UPI,347.98
913,01-Jan-23,80,1769,Grocery,1,338.83,Kolkata,Cash,338.83
914,01-Jan-23,374,4064,Grocery,2,366.96,Mumbai,Card,733.92
915,01-Jan-23,213,1445,Beauty,5,408.18,Kolkata,UPI,2040.9
916,01-Jan-23,203,1700,Home,5,300.03,Bangalore,Cash,1500.15
917,01-Jan-23,252,3719,Home,4,244.06,Chennai,Card,976.24
918,01-Jan-23,229,3565,Grocery,5,93.09,Hyderabad,UPI,465.45
919,01-Jan-23,164,4897,Home,3,53.89,Chennai,UPI,161.67
920,01-Jan-23,227,1448,Fashion,2,258.6,Mumbai,NetBanking,517.2
921,01-Jan-23,147,3153,Fashion,1,111.3,Mumbai,Card,111.3
922,01-Jan-23,20,4158,Home,4,497.2,Hyderabad,NetBanking,1988.8
923,01-Jan-23,441,1629,Electronics,3,169.33,Mumbai,Card,507.99
924,01-Jan-23,402,2820,Home,4,228.59,Delhi,NetBanking,914.36
925,01-Jan-23,47,1248,Electronics,1,152.32,Chennai,Card,152.32
926,01-Jan-23,233,2652,Home,5,495.68,Hyderabad,Card,2478.4
927,01-Jan-23,305,3823,Home,3,267.01,Chennai,Card,801.03
928,01-Jan-23,14,1893,Fashion,1,420.61,Hyderabad,Card,420.61
929,01-Jan-23,143,3870,Grocery,1,333.17,Kolkata,Cash,333.17
930,01-Jan-23,415,3858,Grocery,1,115.29,Delhi,Cash,115.29
931,01-Jan-23,1,1215,Electronics,1,488.1,Mumbai,Card,488.1
932,01-Jan-23,373,2717,Grocery,2,184.47,Mumbai,Card,368.94
933,01-Jan-23,54,3316,Home,1,451.59,Hyderabad,UPI,451.59
934,01-Jan-23,374,2931,Home,3,39.58,Bangalore,NetBanking,118.74
935,01-Jan-23,259,1452,Beauty,4,55.68,Hyderabad,Card,222.72
936,01-Jan-23,144,4474,Beauty,3,141.85,Mumbai,Card,425.55
937,01-Jan-23,471,1465,Beauty,5,474.82,Kolkata,NetBanking,2374.1
938,01-Jan-23,441,3830,Beauty,2,322.21,Mumbai,UPI,644.42
939,01-Jan-23,459,4147,Home,3,288.73,Kolkata,Cash,866.19
940,01-Jan-23,12,4181,Fashion,2,323.67,Chennai,Cash,647.34
941,01-Jan-23,330,3506,Grocery,5,229.12,Mumbai,NetBanking,1145.6
942,01-Jan-23,224,2540,Fashion,2,18.42,Kolkata,Cash,36.84
943,01-Jan-23,272,1658,Beauty,5,490.93,Kolkata,NetBanking,2454.65
944,01-Jan-23,456,4841,Grocery,4,289.81,Mumbai,NetBanking,1159.24
945,01-Jan-23,358,1675,Beauty,2,28.33,Mumbai,UPI,56.66
946,01-Jan-23,460,1904,Beauty,1,165.34,Kolkata,NetBanking,165.34
947,01-Jan-23,408,2146,Home,4,380.12,Mumbai,Cash,1520.48
948,01-Jan-23,156,3503,Home,1,459.61,Chennai,NetBanking,459.61
949,01-Jan-23,373,2310,Beauty,2,232.22,Delhi,Cash,464.44
950,01-Jan-23,8,2582,Electronics,3,473.62,Delhi,NetBanking,1420.86
951,01-Jan-23,122,4677,Electronics,4,495.01,Mumbai,Cash,1980.04
952,01-Jan-23,348,3487,Beauty,3,155.86,Delhi,Card,467.58
953,01-Jan-23,164,4597,Home,2,269.25,Chennai,UPI,538.5
954,01-Jan-23,90,3746,Home,4,180.9,Chennai,UPI,723.6
955,01-Jan-23,136,4094,Beauty,5,103.26,Chennai,UPI,516.3
956,01-Jan-23,186,1326,Home,2,366.58,Kolkata,Card,733.16
957,01-Jan-23,316,1020,Electronics,5,463.85,Chennai,NetBanking,2319.25
958,01-Jan-23,178,4015,Electronics,5,246.25,Kolkata,Card,1231.25
959,01-Jan-23,28,4523,Beauty,5,165.04,Bangalore,UPI,825.2
960,01-Jan-23,220,3759,Fashion,4,41.62,Mumbai,Card,166.48
961,01-Jan-23,357,1104,Electronics,5,37.27,Mumbai,Card,186.35
962,01-Jan-23,41,3122,Fashion,4,486.22,Hyderabad,Cash,1944.88
963,01-Jan-23,228,2047,Home,4,273.7,Bangalore,Cash,1094.8
964,01-Jan-23,192,2160,Beauty,4,37.1,Mumbai,Card,148.4
965,01-Jan-23,411,4536,Electronics,3,393.14,Delhi,Card,1179.42
966,01-Jan-23,447,1785,Fashion,2,90.54,Hyderabad,UPI,181.08
967,01-Jan-23,145,2172,Beauty,3,294.92,Hyderabad,Cash,884.76
968,01-Jan-23,201,2502,Home,5,323.72,Delhi,Card,1618.6
969,01-Jan-23,417,4976,Fashion,4,402.24,Delhi,UPI,1608.96
970,01-Jan-23,212,2964,Electronics,3,480.74,Kolkata,Cash,1442.22
971,01-Jan-23,461,1609,Electronics,1,283.36,Kolkata,Cash,283.36
972,01-Jan-23,220,2104,Beauty,5,80.58,Delhi,UPI,402.9
973,01-Jan-23,240,1404,Grocery,3,319.03,Hyderabad,Cash,957.09
974,01-Jan-23,413,1726,Home,5,36.56,Hyderabad,UPI,182.8
975,01-Jan-23,397,1171,Electronics,4,330.54,Kolkata,NetBanking,1322.16
976,01-Jan-23,46,2404,Grocery,5,30.43,Mumbai,NetBanking,152.15
977,01-Jan-23,35,1547,Electronics,2,251.46,Chennai,UPI,502.92
978,01-Jan-23,253,4297,Home,4,36.12,Mumbai,NetBanking,144.48
979,01-Jan-23,390,3889,Grocery,1,347.12,Mumbai,Cash,347.12
980,01-Jan-23,82,3909,Home,4,302.75,Delhi,UPI,1211
981,01-Jan-23,371,3339,Fashion,5,427.69,Mumbai,UPI,2138.45
982,01-Jan-23,256,3975,Home,1,236.47,Mumbai,Card,236.47
983,01-Jan-23,197,3202,Electronics,3,472.84,Hyderabad,Cash,1418.52
984,01-Jan-23,303,1503,Grocery,4,177.96,Delhi,Cash,711.84
985,01-Jan-23,409,4392,Home,1,237.16,Bangalore,UPI,237.16
986,01-Jan-23,450,1208,Beauty,5,493.07,Chennai,NetBanking,2465.35
987,01-Jan-23,10,3091,Grocery,3,481.3,Mumbai,NetBanking,1443.9
988,01-Jan-23,312,4272,Electronics,3,241.59,Hyderabad,Card,724.77
989,01-Jan-23,286,3257,Electronics,4,183.74,Mumbai,UPI,734.96
990,01-Jan-23,242,3965,Fashion,2,307.75,Bangalore,Card,615.5
991,01-Jan-23,251,3397,Grocery,5,495.52,Mumbai,Card,2477.6
992,01-Jan-23,365,2994,Fashion,2,493.01,Bangalore,Cash,986.02
993,01-Jan-23,5,4575,Electronics,3,135.17,Chennai,NetBanking,405.51
994,01-Jan-23,119,2787,Home,3,105.65,Bangalore,Card,316.95
995,01-Jan-23,289,2257,Fashion,5,427.07,Bangalore,Card,2135.35
996,01-Jan-23,374,2833,Home,3,432.37,Chennai,Cash,1297.11
997,01-Jan-23,65,1495,Home,1,302.04,Chennai,Card,302.04
998,01-Jan-23,146,2087,Electronics,4,35.81,Chennai,NetBanking,143.24
999,01-Jan-23,224,3403,Electronics,5,37.11,Chennai,NetBanking,185.55
