customer_id,first_name,last_name,email,city,state,created_at
1,Susan,Wilson,user1@gmail.com,Houston,PA,17/12/2022
2,Robert,Garcia,user2@gmail.com,Houston,NY,04/04/2020
3,Robert,Lopez,user3@gmail.com,Los Angeles,TX,05/05/2020
4,Michael,Wilson,user4@gmail.com,San Antonio,TX,12/10/2022
5,Sarah,Wilson,user5@gmail.com,Los Angeles,NY,13/04/2022
6,Karen,Jackson,user6@gmail.com,New York,TX,08/11/2020
7,David,Moore,user7@gmail.com,San Diego,NY,13/11/2021
8,Mary,Taylor,user8@gmail.com,Houston,CA,02/01/2020
9,James,Lopez,user9@gmail.com,Los Angeles,PA,14/12/2020
10,Sarah,Williams,user10@gmail.com,San Antonio,TX,20/06/2021
11,Jessica,Jones,user11@gmail.com,Los Angeles,TX,31/01/2022
12,Elizabeth,Rodriguez,user12@gmail.com,Phoenix,PA,08/02/2020
13,James,Smith,user13@gmail.com,Philadelphia,CA,05/12/2022
14,Joseph,Lopez,user14@gmail.com,Philadelphia,CA,30/11/2021
15,James,Brown,user15@gmail.com,Los Angeles,NY,14/05/2020
16,Jessica,Williams,user16@gmail.com,New York,TX,17/09/2022
17,Karen,Garcia,user17@gmail.com,Los Angeles,TX,25/06/2022
18,Joseph,Smith,user18@gmail.com,Dallas,TX,08/11/2022
19,John,Taylor,user19@gmail.com,San Jose,TX,03/02/2020
20,James,Williams,user20@gmail.com,Philadelphia,CA,29/06/2021
21,Thomas,Jackson,user21@gmail.com,Houston,CA,29/10/2021
22,John,Williams,user22@gmail.com,Phoenix,PA,25/07/2022
23,Sarah,Rodriguez,user23@gmail.com,Los Angeles,CA,31/07/2020
24,Patricia,Moore,user24@gmail.com,San Antonio,TX,20/01/2021
25,Robert,Smith,user25@gmail.com,Chicago,IL,24/10/2020
26,Linda,Hernandez,user26@gmail.com,Los Angeles,PA,25/02/2020
27,Robert,Smith,user27@gmail.com,New York,IL,04/04/2021
28,Jessica,Jackson,user28@gmail.com,San Antonio,AZ,30/11/2022
29,Thomas,Garcia,user29@gmail.com,San Jose,IL,06/08/2022
30,Linda,Jones,user30@gmail.com,Philadelphia,CA,11/01/2022
31,Elizabeth,Moore,user31@gmail.com,Chicago,TX,10/08/2022
32,Patricia,Gonzalez,user32@gmail.com,San Diego,IL,12/09/2021
33,Michael,Anderson,user33@gmail.com,San Antonio,CA,14/01/2020
34,Mary,Martin,user34@gmail.com,Houston,TX,16/02/2022
35,Robert,Thomas,user35@gmail.com,San Antonio,NY,04/07/2021
36,Mary,Jones,user36@gmail.com,San Diego,IL,14/05/2021
37,Richard,Jackson,user37@gmail.com,San Antonio,IL,19/11/2021
38,William,Rodriguez,user38@gmail.com,Los Angeles,TX,13/05/2021
39,Patricia,Martin,user39@gmail.com,Chicago,NY,02/07/2021
40,David,Hernandez,user40@gmail.com,Philadelphia,CA,11/08/2020
41,Jennifer,Miller,user41@gmail.com,Los Angeles,TX,18/08/2021
42,James,Jackson,user42@gmail.com,New York,CA,30/01/2021
43,Barbara,Rodriguez,user43@gmail.com,Chicago,TX,24/08/2022
44,Robert,Smith,user44@gmail.com,Chicago,CA,24/01/2021
45,David,Smith,user45@gmail.com,Phoenix,CA,19/04/2020
46,Susan,Davis,user46@gmail.com,Los Angeles,IL,11/09/2020
47,Charles,Moore,user47@gmail.com,San Antonio,PA,17/08/2020
48,John,Johnson,user48@gmail.com,Dallas,CA,29/09/2022
49,Jessica,Thomas,user49@gmail.com,San Diego,AZ,25/04/2021
50,Barbara,Miller,user50@gmail.com,San Jose,TX,10/10/2020
51,Richard,Smith,user51@gmail.com,New York,TX,01/07/2020
52,Michael,Rodriguez,user52@gmail.com,Dallas,AZ,03/08/2022
53,Susan,Lopez,user53@gmail.com,Phoenix,CA,30/01/2021
54,Karen,Lopez,user54@gmail.com,Los Angeles,TX,10/12/2022
55,Thomas,Taylor,user55@gmail.com,Chicago,CA,04/04/2021
56,Michael,Taylor,user56@gmail.com,San Diego,CA,11/09/2021
57,Joseph,Hernandez,user57@gmail.com,San Jose,TX,25/03/2021
58,Linda,Jackson,user58@gmail.com,San Diego,CA,29/12/2020
59,Barbara,Rodriguez,user59@gmail.com,Phoenix,CA,30/01/2020
60,Linda,Martinez,user60@gmail.com,Dallas,NY,25/07/2021
61,Mary,Hernandez,user61@gmail.com,Chicago,TX,28/06/2021
62,Barbara,Martin,user62@gmail.com,New York,PA,14/10/2020
63,Jennifer,Lopez,user63@gmail.com,New York,TX,09/09/2022
64,Charles,Miller,user64@gmail.com,Chicago,CA,15/11/2022
65,Sarah,Moore,user65@gmail.com,New York,CA,22/05/2020
66,Richard,Anderson,user66@gmail.com,San Jose,TX,02/02/2022
67,Charles,Garcia,user67@gmail.com,San Diego,CA,31/07/2020
68,Sarah,Taylor,user68@gmail.com,Phoenix,IL,15/06/2020
69,Mary,Jones,user69@gmail.com,San Jose,TX,28/07/2021
70,Karen,Anderson,user70@gmail.com,New York,TX,06/11/2020
71,Richard,Thomas,user71@gmail.com,Los Angeles,IL,20/07/2022
72,Elizabeth,Jackson,user72@gmail.com,New York,TX,09/12/2020
73,Thomas,Williams,user73@gmail.com,Dallas,CA,30/09/2022
74,Sarah,Williams,user74@gmail.com,Chicago,NY,25/10/2022
75,Patricia,Anderson,user75@gmail.com,Chicago,IL,06/08/2022
76,Patricia,Thomas,user76@gmail.com,Phoenix,CA,06/10/2022
77,Barbara,Davis,user77@gmail.com,San Jose,PA,01/12/2020
78,Linda,Garcia,user78@gmail.com,San Diego,TX,04/07/2022
79,Elizabeth,Jones,user79@gmail.com,Houston,IL,16/09/2020
80,Robert,Anderson,user80@gmail.com,Dallas,CA,10/10/2021
81,Patricia,Thomas,user81@gmail.com,New York,TX,02/08/2022
82,Barbara,Wilson,user82@gmail.com,Dallas,CA,06/11/2020
83,Patricia,Taylor,user83@gmail.com,New York,TX,25/02/2022
84,Karen,Miller,user84@gmail.com,Philadelphia,TX,05/11/2021
85,Michael,Jones,user85@gmail.com,Houston,IL,29/11/2021
86,Elizabeth,Wilson,user86@gmail.com,Houston,TX,17/01/2022
87,Joseph,Davis,user87@gmail.com,Chicago,NY,08/01/2020
88,Michael,Wilson,user88@gmail.com,New York,TX,26/08/2021
89,Karen,Johnson,user89@gmail.com,Houston,CA,02/03/2022
90,Michael,Anderson,user90@gmail.com,New York,NY,04/07/2022
91,Richard,Williams,user91@gmail.com,Los Angeles,CA,12/12/2020
92,Michael,Brown,user92@gmail.com,San Antonio,TX,03/10/2020
93,Sarah,Johnson,user93@gmail.com,San Jose,CA,06/05/2022
94,Joseph,Williams,user94@gmail.com,Chicago,CA,22/07/2020
95,David,Anderson,user95@gmail.com,Los Angeles,CA,30/04/2020
96,Patricia,Williams,user96@gmail.com,Dallas,PA,11/09/2020
97,Patricia,Rodriguez,user97@gmail.com,Phoenix,TX,30/11/2022
98,Mary,Rodriguez,user98@gmail.com,Phoenix,TX,28/01/2021
99,Jessica,Brown,user99@gmail.com,Houston,PA,01/12/2021
100,Susan,Martin,user100@gmail.com,Houston,NY,31/08/2020
101,Thomas,Hernandez,user101@gmail.com,Dallas,AZ,17/11/2021
102,Jennifer,Martinez,user102@gmail.com,Chicago,TX,16/08/2022
103,William,Martinez,user103@gmail.com,San Jose,CA,05/02/2021
104,Susan,Brown,user104@gmail.com,Chicago,CA,21/02/2020
105,Joseph,Taylor,user105@gmail.com,Phoenix,TX,21/06/2020
106,Jessica,Hernandez,user106@gmail.com,Dallas,CA,10/02/2022
107,William,Anderson,user107@gmail.com,Philadelphia,CA,02/01/2020
108,Susan,Lopez,user108@gmail.com,San Jose,CA,09/07/2020
109,Sarah,Miller,user109@gmail.com,Chicago,CA,25/09/2020
110,James,Gonzalez,user110@gmail.com,San Antonio,PA,08/06/2021
111,Patricia,Williams,user111@gmail.com,Chicago,CA,29/09/2021
112,Mary,Wilson,user112@gmail.com,Houston,NY,23/05/2020
113,Karen,Williams,user113@gmail.com,San Diego,IL,02/12/2020
114,John,Gonzalez,user114@gmail.com,San Antonio,TX,06/12/2022
115,Linda,Garcia,user115@gmail.com,San Antonio,TX,29/10/2021
116,Michael,Hernandez,user116@gmail.com,Chicago,AZ,14/09/2021
117,Mary,Hernandez,user117@gmail.com,San Diego,TX,18/04/2021
118,Richard,Brown,user118@gmail.com,Philadelphia,CA,21/12/2022
119,Patricia,Moore,user119@gmail.com,San Diego,NY,23/07/2021
120,Richard,Johnson,user120@gmail.com,Houston,IL,19/07/2022
121,Karen,Jones,user121@gmail.com,San Antonio,TX,05/10/2022
122,Linda,Williams,user122@gmail.com,Chicago,CA,10/07/2020
123,Michael,Williams,user123@gmail.com,Phoenix,CA,23/02/2020
124,Michael,Martinez,user124@gmail.com,Houston,CA,29/03/2021
125,Susan,Lopez,user125@gmail.com,Chicago,PA,14/04/2021
126,Richard,Jones,user126@gmail.com,San Antonio,AZ,08/03/2022
127,John,Lopez,user127@gmail.com,San Jose,CA,12/11/2022
128,Thomas,Anderson,user128@gmail.com,Los Angeles,CA,27/02/2020
129,James,Gonzalez,user129@gmail.com,San Diego,NY,28/05/2020
130,William,Williams,user130@gmail.com,San Jose,TX,05/03/2022
131,Susan,Jones,user131@gmail.com,San Jose,PA,18/09/2020
132,Susan,Lopez,user132@gmail.com,San Antonio,TX,17/04/2021
133,William,Garcia,user133@gmail.com,San Antonio,TX,25/05/2020
134,Joseph,Brown,user134@gmail.com,Phoenix,IL,11/05/2021
135,Michael,Wilson,user135@gmail.com,Dallas,TX,10/06/2020
136,Mary,Anderson,user136@gmail.com,New York,PA,04/05/2022
137,Michael,Jones,user137@gmail.com,San Diego,CA,19/01/2021
138,William,Davis,user138@gmail.com,San Jose,CA,12/04/2022
139,David,Johnson,user139@gmail.com,San Antonio,IL,11/12/2021
140,Richard,Johnson,user140@gmail.com,Los Angeles,IL,22/12/2020
141,Richard,Davis,user141@gmail.com,Philadelphia,TX,13/11/2021
142,David,Hernandez,user142@gmail.com,Los Angeles,CA,28/08/2021
143,Sarah,Taylor,user143@gmail.com,Dallas,IL,15/04/2022
144,Linda,Jackson,user144@gmail.com,Dallas,TX,06/10/2021
145,Susan,Garcia,user145@gmail.com,Houston,TX,12/06/2021
146,Richard,Martinez,user146@gmail.com,Dallas,TX,13/11/2022
147,Mary,Johnson,user147@gmail.com,Chicago,IL,12/09/2021
148,Elizabeth,Anderson,user148@gmail.com,Los Angeles,NY,16/03/2022
149,Joseph,Wilson,user149@gmail.com,Chicago,CA,25/09/2022
150,Mary,Gonzalez,user150@gmail.com,Chicago,CA,07/11/2020
151,Patricia,Taylor,user151@gmail.com,New York,TX,30/08/2021
152,Sarah,Hernandez,user152@gmail.com,Philadelphia,TX,21/10/2021
153,Joseph,Johnson,user153@gmail.com,Dallas,NY,12/01/2021
154,Jennifer,Thomas,user154@gmail.com,San Antonio,TX,04/05/2021
155,Mary,Johnson,user155@gmail.com,San Diego,CA,07/08/2020
156,Charles,Martin,user156@gmail.com,Philadelphia,TX,17/03/2021
157,Jennifer,Davis,user157@gmail.com,Philadelphia,TX,14/04/2021
158,Robert,Brown,user158@gmail.com,Phoenix,TX,30/05/2022
159,Charles,Martinez,user159@gmail.com,Dallas,PA,01/01/2022
160,Joseph,Lopez,user160@gmail.com,Chicago,AZ,23/03/2022
161,Susan,Garcia,user161@gmail.com,Dallas,IL,13/09/2022
162,Patricia,Hernandez,user162@gmail.com,Phoenix,CA,23/02/2022
163,Charles,Jones,user163@gmail.com,Chicago,TX,19/04/2022
164,Joseph,Martin,user164@gmail.com,San Diego,CA,04/01/2021
165,Elizabeth,Anderson,user165@gmail.com,Dallas,AZ,11/10/2022
166,Sarah,Gonzalez,user166@gmail.com,Dallas,CA,07/09/2020
167,Patricia,Jones,user167@gmail.com,San Antonio,IL,10/06/2020
168,Barbara,Garcia,user168@gmail.com,San Antonio,TX,24/10/2021
169,Barbara,Smith,user169@gmail.com,Philadelphia,CA,16/02/2021
170,David,Thomas,user170@gmail.com,Los Angeles,CA,22/03/2021
171,Patricia,Taylor,user171@gmail.com,Dallas,NY,15/08/2021
172,Susan,Smith,user172@gmail.com,Houston,PA,01/07/2020
173,Joseph,Taylor,user173@gmail.com,Chicago,AZ,12/04/2022
174,Patricia,Johnson,user174@gmail.com,Houston,TX,17/11/2020
175,Patricia,Davis,user175@gmail.com,Dallas,TX,19/09/2022
176,Joseph,Smith,user176@gmail.com,Dallas,CA,01/07/2020
177,Thomas,Johnson,user177@gmail.com,New York,TX,01/08/2022
178,John,Gonzalez,user178@gmail.com,San Jose,CA,19/01/2022
179,John,Wilson,user179@gmail.com,Phoenix,IL,16/07/2021
180,Jennifer,Williams,user180@gmail.com,Houston,AZ,13/08/2022
181,Thomas,Lopez,user181@gmail.com,San Diego,TX,10/07/2020
182,Elizabeth,Jackson,user182@gmail.com,Houston,CA,07/01/2022
183,Robert,Rodriguez,user183@gmail.com,Chicago,TX,13/09/2021
184,Jennifer,Brown,user184@gmail.com,Philadelphia,CA,08/11/2020
185,Mary,Jones,user185@gmail.com,Chicago,TX,14/10/2022
186,Jennifer,Jones,user186@gmail.com,Phoenix,CA,02/10/2020
187,Elizabeth,Lopez,user187@gmail.com,Dallas,TX,24/01/2021
188,Jessica,Gonzalez,user188@gmail.com,San Antonio,TX,22/06/2022
189,Robert,Hernandez,user189@gmail.com,Dallas,AZ,28/11/2022
190,David,Williams,user190@gmail.com,Houston,CA,19/12/2022
191,John,Hernandez,user191@gmail.com,Dallas,AZ,04/11/2022
192,Patricia,Taylor,user192@gmail.com,Chicago,TX,02/06/2022
193,Thomas,Martinez,user193@gmail.com,New York,PA,17/09/2022
194,Patricia,Anderson,user194@gmail.com,San Jose,CA,13/08/2021
195,Robert,Taylor,user195@gmail.com,Dallas,CA,30/07/2021
196,Jennifer,Lopez,user196@gmail.com,Chicago,TX,20/02/2022
197,Sarah,Brown,user197@gmail.com,Chicago,AZ,04/06/2022
198,Sarah,Miller,user198@gmail.com,Chicago,AZ,01/01/2021
199,Robert,Gonzalez,user199@gmail.com,Philadelphia,TX,09/07/2022
200,Susan,Wilson,user200@gmail.com,Los Angeles,PA,20/11/2021
201,David,Hernandez,user201@gmail.com,Los Angeles,IL,16/03/2022
202,William,Williams,user202@gmail.com,Philadelphia,TX,15/01/2022
203,James,Hernandez,user203@gmail.com,Dallas,CA,15/09/2022
204,Patricia,Anderson,user204@gmail.com,Houston,PA,04/04/2021
205,Patricia,Wilson,user205@gmail.com,Los Angeles,TX,24/01/2021
206,Karen,Moore,user206@gmail.com,San Antonio,TX,14/05/2020
207,Mary,Garcia,user207@gmail.com,San Antonio,CA,10/06/2022
208,Linda,Martin,user208@gmail.com,Los Angeles,CA,04/11/2022
209,Michael,Smith,user209@gmail.com,Los Angeles,CA,30/06/2021
210,Patricia,Taylor,user210@gmail.com,Phoenix,CA,30/06/2022
211,Mary,Taylor,user211@gmail.com,Houston,CA,24/11/2020
212,Linda,Davis,user212@gmail.com,Philadelphia,TX,09/06/2021
213,Charles,Moore,user213@gmail.com,Philadelphia,AZ,28/12/2021
214,Michael,Lopez,user214@gmail.com,Dallas,CA,08/03/2021
215,Jennifer,Anderson,user215@gmail.com,Dallas,CA,15/06/2021
216,Elizabeth,Brown,user216@gmail.com,Phoenix,NY,05/10/2022
217,William,Brown,user217@gmail.com,New York,TX,19/12/2020
218,Elizabeth,Thomas,user218@gmail.com,San Diego,CA,26/06/2022
219,John,Miller,user219@gmail.com,Los Angeles,NY,20/01/2021
220,William,Taylor,user220@gmail.com,San Antonio,CA,13/10/2021
221,Charles,Anderson,user221@gmail.com,Chicago,TX,29/07/2020
222,John,Taylor,user222@gmail.com,Phoenix,CA,11/08/2022
223,Richard,Rodriguez,user223@gmail.com,Chicago,NY,24/06/2020
224,Patricia,Smith,user224@gmail.com,San Antonio,TX,21/10/2021
225,Karen,Martin,user225@gmail.com,Phoenix,PA,21/03/2020
226,Sarah,Wilson,user226@gmail.com,Philadelphia,NY,26/10/2021
227,Linda,Gonzalez,user227@gmail.com,San Antonio,IL,26/01/2020
228,Richard,Davis,user228@gmail.com,Philadelphia,TX,09/07/2021
229,William,Johnson,user229@gmail.com,San Diego,TX,28/11/2022
230,Joseph,Martinez,user230@gmail.com,New York,IL,03/03/2022
231,Joseph,Miller,user231@gmail.com,Houston,AZ,14/09/2022
232,Thomas,Taylor,user232@gmail.com,San Antonio,TX,10/02/2020
233,Thomas,Anderson,user233@gmail.com,Phoenix,CA,07/01/2022
234,Joseph,Lopez,user234@gmail.com,Dallas,TX,25/02/2021
235,Jessica,Martin,user235@gmail.com,Dallas,IL,15/12/2020
236,Sarah,Miller,user236@gmail.com,San Diego,AZ,07/12/2021
237,Thomas,Lopez,user237@gmail.com,San Antonio,PA,19/03/2020
238,Joseph,Smith,user238@gmail.com,Los Angeles,NY,01/08/2021
239,Joseph,Davis,user239@gmail.com,San Antonio,TX,26/03/2020
240,Barbara,Johnson,user240@gmail.com,San Jose,TX,04/03/2021
241,Jessica,Martin,user241@gmail.com,Houston,PA,07/10/2022
242,John,Anderson,user242@gmail.com,Dallas,PA,09/04/2022
243,James,Johnson,user243@gmail.com,Chicago,CA,11/12/2022
244,Linda,Lopez,user244@gmail.com,San Jose,CA,01/10/2020
245,Mary,Moore,user245@gmail.com,Chicago,NY,05/12/2022
246,Robert,Miller,user246@gmail.com,San Antonio,AZ,29/11/2022
247,David,Martinez,user247@gmail.com,Phoenix,CA,08/08/2022
248,Charles,Johnson,user248@gmail.com,New York,AZ,16/02/2020
249,Linda,Williams,user249@gmail.com,San Jose,TX,20/10/2022
250,Linda,Wilson,user250@gmail.com,San Jose,PA,04/08/2020
251,Patricia,Thomas,user251@gmail.com,Los Angeles,CA,10/10/2021
252,Michael,Gonzalez,user252@gmail.com,Philadelphia,PA,11/08/2022
253,Mary,Brown,user253@gmail.com,Dallas,IL,14/01/2022
254,William,Jackson,user254@gmail.com,Houston,NY,15/07/2021
255,Sarah,Moore,user255@gmail.com,San Diego,CA,26/07/2020
256,Susan,Miller,user256@gmail.com,San Antonio,CA,10/07/2020
257,David,Wilson,user257@gmail.com,San Antonio,TX,18/03/2022
258,Jessica,Gonzalez,user258@gmail.com,Los Angeles,TX,12/01/2022
259,James,Thomas,user259@gmail.com,Dallas,CA,13/07/2020
260,Patricia,Moore,user260@gmail.com,Dallas,TX,23/12/2020
261,Sarah,Martin,user261@gmail.com,San Antonio,PA,18/01/2020
262,Karen,Gonzalez,user262@gmail.com,Philadelphia,CA,16/06/2020
263,Linda,Davis,user263@gmail.com,Dallas,CA,28/12/2021
264,Linda,Brown,user264@gmail.com,Philadelphia,PA,25/06/2022
265,Karen,Garcia,user265@gmail.com,New York,PA,10/07/2021
266,Joseph,Moore,user266@gmail.com,Chicago,AZ,23/02/2021
267,Karen,Taylor,user267@gmail.com,Los Angeles,AZ,28/07/2022
268,Jennifer,Martin,user268@gmail.com,Chicago,CA,02/01/2020
269,Mary,Gonzalez,user269@gmail.com,Dallas,IL,21/02/2021
270,Jennifer,Johnson,user270@gmail.com,San Jose,IL,04/03/2020
271,Elizabeth,Davis,user271@gmail.com,Phoenix,CA,13/12/2022
272,Sarah,Johnson,user272@gmail.com,San Diego,AZ,25/05/2021
273,Patricia,Anderson,user273@gmail.com,New York,TX,13/06/2022
274,Susan,Jones,user274@gmail.com,Dallas,CA,30/04/2020
275,Mary,Thomas,user275@gmail.com,Dallas,CA,18/04/2020
276,Michael,Thomas,user276@gmail.com,San Jose,PA,05/02/2021
277,Sarah,Wilson,user277@gmail.com,Houston,TX,29/04/2021
278,Thomas,Martinez,user278@gmail.com,San Diego,CA,14/12/2022
279,Thomas,Martinez,user279@gmail.com,Dallas,CA,07/12/2020
280,Richard,Wilson,user280@gmail.com,San Jose,TX,27/08/2022
281,Karen,Wilson,user281@gmail.com,San Antonio,IL,02/01/2021
282,Thomas,Williams,user282@gmail.com,Houston,IL,08/04/2022
283,Michael,Martin,user283@gmail.com,Dallas,TX,08/10/2020
284,Robert,Anderson,user284@gmail.com,San Diego,CA,07/07/2021
285,Linda,Martin,user285@gmail.com,New York,NY,18/04/2022
286,David,Moore,user286@gmail.com,Philadelphia,CA,29/09/2021
287,Jennifer,Garcia,user287@gmail.com,Dallas,IL,12/01/2021
288,Joseph,Smith,user288@gmail.com,San Jose,CA,30/04/2021
289,Sarah,Lopez,user289@gmail.com,Phoenix,CA,06/01/2021
290,James,Miller,user290@gmail.com,Los Angeles,NY,14/05/2021
291,James,Brown,user291@gmail.com,Phoenix,CA,03/11/2022
292,Robert,Martin,user292@gmail.com,Philadelphia,TX,12/10/2022
293,Michael,Taylor,user293@gmail.com,Phoenix,AZ,26/01/2022
294,Jennifer,Williams,user294@gmail.com,New York,AZ,03/08/2022
295,Jessica,Thomas,user295@gmail.com,San Antonio,TX,21/07/2020
296,Joseph,Anderson,user296@gmail.com,Phoenix,TX,19/11/2020
297,Elizabeth,Johnson,user297@gmail.com,Chicago,CA,19/10/2020
298,Sarah,Jones,user298@gmail.com,Dallas,PA,17/04/2022
299,Jennifer,Williams,user299@gmail.com,Houston,NY,04/06/2020
300,Karen,Lopez,user300@gmail.com,San Diego,CA,27/07/2020
301,Michael,Thomas,user301@gmail.com,Chicago,IL,25/03/2020
302,John,Lopez,user302@gmail.com,Phoenix,TX,18/06/2020
303,Linda,Gonzalez,user303@gmail.com,Philadelphia,CA,29/03/2021
304,Susan,Jackson,user304@gmail.com,Los Angeles,TX,27/02/2022
305,Sarah,Lopez,user305@gmail.com,Houston,TX,03/05/2021
306,Joseph,Lopez,user306@gmail.com,Philadelphia,CA,21/08/2022
307,Michael,Thomas,user307@gmail.com,Philadelphia,AZ,28/04/2020
308,James,Moore,user308@gmail.com,Los Angeles,TX,15/06/2021
309,Karen,Martinez,user309@gmail.com,San Diego,CA,25/07/2020
310,Mary,Williams,user310@gmail.com,Phoenix,TX,03/05/2022
311,Patricia,Rodriguez,user311@gmail.com,Houston,CA,15/06/2020
312,James,Taylor,user312@gmail.com,Houston,IL,30/12/2022
313,William,Johnson,user313@gmail.com,Phoenix,CA,22/07/2021
314,Susan,Jones,user314@gmail.com,Philadelphia,TX,21/08/2020
315,Jennifer,Hernandez,user315@gmail.com,Dallas,TX,03/09/2020
316,Sarah,Jones,user316@gmail.com,Chicago,CA,13/12/2021
317,Karen,Johnson,user317@gmail.com,Houston,CA,24/10/2020
318,Robert,Moore,user318@gmail.com,New York,PA,23/04/2020
319,Robert,Jones,user319@gmail.com,Phoenix,PA,27/05/2020
320,Susan,Martinez,user320@gmail.com,San Jose,NY,03/07/2022
321,James,Miller,user321@gmail.com,Dallas,NY,17/03/2022
322,Joseph,Gonzalez,user322@gmail.com,New York,TX,27/03/2022
323,Robert,Johnson,user323@gmail.com,San Jose,IL,17/09/2022
324,Joseph,Davis,user324@gmail.com,Dallas,TX,07/02/2021
325,Joseph,Williams,user325@gmail.com,New York,CA,08/02/2021
326,James,Martinez,user326@gmail.com,Chicago,CA,02/12/2020
327,Charles,Williams,user327@gmail.com,Los Angeles,CA,15/02/2022
328,James,Anderson,user328@gmail.com,San Antonio,CA,29/07/2020
329,Patricia,Martinez,user329@gmail.com,San Diego,CA,26/05/2022
330,Elizabeth,Anderson,user330@gmail.com,San Diego,TX,21/06/2020
331,Jessica,Rodriguez,user331@gmail.com,San Antonio,CA,18/05/2021
332,Thomas,Thomas,user332@gmail.com,San Diego,TX,26/07/2020
333,David,Martin,user333@gmail.com,San Diego,IL,21/12/2021
334,Joseph,Gonzalez,user334@gmail.com,Dallas,IL,22/04/2020
335,Jessica,Smith,user335@gmail.com,San Jose,IL,08/04/2021
336,Michael,Brown,user336@gmail.com,San Diego,TX,01/03/2021
337,James,Miller,user337@gmail.com,New York,NY,08/10/2020
338,Linda,Moore,user338@gmail.com,Los Angeles,CA,22/07/2022
339,Susan,Brown,user339@gmail.com,Phoenix,TX,18/11/2020
340,Mary,Miller,user340@gmail.com,New York,TX,17/02/2021
341,Thomas,Taylor,user341@gmail.com,Houston,CA,12/01/2021
342,Mary,Jackson,user342@gmail.com,Houston,NY,24/01/2021
343,Linda,Wilson,user343@gmail.com,Houston,CA,27/10/2020
344,Jennifer,Martin,user344@gmail.com,San Jose,IL,27/09/2020
345,Karen,Davis,user345@gmail.com,Philadelphia,TX,14/12/2021
346,Thomas,Martinez,user346@gmail.com,Philadelphia,IL,15/08/2021
347,John,Miller,user347@gmail.com,Phoenix,AZ,04/03/2021
348,Karen,Smith,user348@gmail.com,San Antonio,CA,27/10/2022
349,Jennifer,Rodriguez,user349@gmail.com,Houston,TX,27/05/2020
350,Sarah,Johnson,user350@gmail.com,San Jose,TX,25/11/2020
351,Joseph,Brown,user351@gmail.com,Chicago,TX,07/03/2020
352,James,Miller,user352@gmail.com,Los Angeles,CA,23/06/2021
353,Mary,Jones,user353@gmail.com,San Jose,NY,24/08/2022
354,William,Johnson,user354@gmail.com,Phoenix,TX,17/11/2022
355,William,Thomas,user355@gmail.com,New York,CA,03/07/2021
356,Joseph,Wilson,user356@gmail.com,San Antonio,TX,02/05/2022
357,Barbara,Rodriguez,user357@gmail.com,Dallas,CA,06/07/2020
358,Linda,Garcia,user358@gmail.com,Los Angeles,CA,28/03/2021
359,Jessica,Gonzalez,user359@gmail.com,Chicago,TX,19/05/2022
360,Richard,Thomas,user360@gmail.com,Los Angeles,NY,12/12/2022
361,Robert,Jackson,user361@gmail.com,Phoenix,NY,18/07/2022
362,James,Jones,user362@gmail.com,San Jose,NY,23/03/2020
363,James,Rodriguez,user363@gmail.com,Los Angeles,IL,30/09/2022
364,Elizabeth,Johnson,user364@gmail.com,Phoenix,TX,11/07/2022
365,Elizabeth,Jones,user365@gmail.com,San Antonio,TX,18/11/2022
366,Richard,Lopez,user366@gmail.com,San Antonio,TX,10/08/2022
367,David,Martinez,user367@gmail.com,New York,AZ,21/05/2021
368,Jennifer,Martinez,user368@gmail.com,San Jose,TX,29/06/2021
369,Patricia,Jackson,user369@gmail.com,Los Angeles,PA,02/06/2020
370,Jennifer,Hernandez,user370@gmail.com,Chicago,TX,08/07/2020
371,Jennifer,Lopez,user371@gmail.com,Dallas,TX,29/12/2022
372,Charles,Taylor,user372@gmail.com,San Diego,CA,05/11/2022
373,Robert,Smith,user373@gmail.com,New York,NY,27/08/2022
374,Linda,Brown,user374@gmail.com,Phoenix,IL,01/04/2020
375,Karen,Jones,user375@gmail.com,Houston,CA,23/03/2020
376,Sarah,Wilson,user376@gmail.com,Philadelphia,AZ,13/06/2021
377,Karen,Wilson,user377@gmail.com,Phoenix,CA,16/05/2022
378,Elizabeth,Williams,user378@gmail.com,San Diego,NY,09/02/2021
379,Karen,Moore,user379@gmail.com,Phoenix,CA,19/07/2021
380,Joseph,Williams,user380@gmail.com,New York,TX,03/02/2020
381,Robert,Hernandez,user381@gmail.com,San Diego,PA,01/05/2021
382,Karen,Miller,user382@gmail.com,Houston,CA,18/03/2022
383,Sarah,Wilson,user383@gmail.com,Dallas,NY,28/12/2020
384,William,Thomas,user384@gmail.com,San Jose,NY,12/10/2022
385,Thomas,Jones,user385@gmail.com,Philadelphia,TX,27/11/2021
386,Charles,Gonzalez,user386@gmail.com,San Jose,TX,25/06/2022
387,Patricia,Thomas,user387@gmail.com,Chicago,AZ,16/12/2021
388,Linda,Wilson,user388@gmail.com,Houston,TX,15/11/2021
389,Elizabeth,Miller,user389@gmail.com,Houston,NY,19/02/2021
390,David,Martinez,user390@gmail.com,Phoenix,CA,15/08/2022
391,Charles,Davis,user391@gmail.com,San Jose,CA,04/05/2021
392,Linda,Taylor,user392@gmail.com,San Diego,CA,26/09/2022
393,Elizabeth,Williams,user393@gmail.com,Los Angeles,IL,22/10/2020
394,Jessica,Jackson,user394@gmail.com,Dallas,IL,20/02/2020
395,Linda,Johnson,user395@gmail.com,Los Angeles,IL,13/12/2020
396,Sarah,Williams,user396@gmail.com,San Antonio,CA,17/08/2022
397,Susan,Moore,user397@gmail.com,New York,IL,09/08/2021
398,Richard,Anderson,user398@gmail.com,New York,TX,24/05/2021
399,Joseph,Anderson,user399@gmail.com,New York,TX,21/04/2020
400,Linda,Rodriguez,user400@gmail.com,San Jose,TX,06/08/2022
401,Jessica,Gonzalez,user401@gmail.com,San Diego,CA,04/08/2021
402,Linda,Taylor,user402@gmail.com,Houston,NY,23/05/2022
403,William,Gonzalez,user403@gmail.com,Phoenix,CA,13/03/2022
404,Thomas,Moore,user404@gmail.com,Phoenix,CA,02/07/2020
405,Robert,Lopez,user405@gmail.com,Dallas,NY,21/10/2020
406,Patricia,Jones,user406@gmail.com,Houston,IL,25/08/2022
407,Linda,Gonzalez,user407@gmail.com,San Antonio,CA,06/12/2021
408,Karen,Hernandez,user408@gmail.com,Los Angeles,TX,02/04/2020
409,James,Thomas,user409@gmail.com,Los Angeles,CA,30/09/2020
410,Susan,Gonzalez,user410@gmail.com,San Antonio,TX,29/04/2020
411,Linda,Brown,user411@gmail.com,Phoenix,AZ,15/04/2020
412,Michael,Jackson,user412@gmail.com,Dallas,TX,22/04/2022
413,Michael,Smith,user413@gmail.com,San Jose,CA,02/11/2020
414,Jessica,Wilson,user414@gmail.com,Houston,TX,07/10/2020
415,David,Johnson,user415@gmail.com,Houston,IL,20/11/2022
416,James,Jones,user416@gmail.com,San Jose,TX,03/10/2021
417,Karen,Taylor,user417@gmail.com,Houston,NY,09/05/2020
418,Charles,Miller,user418@gmail.com,San Antonio,CA,18/03/2020
419,Jessica,Rodriguez,user419@gmail.com,San Antonio,TX,19/06/2022
420,Karen,Thomas,user420@gmail.com,Phoenix,TX,04/01/2022
421,Karen,Wilson,user421@gmail.com,San Antonio,NY,03/10/2021
422,Elizabeth,Smith,user422@gmail.com,San Jose,TX,27/06/2021
423,Sarah,Johnson,user423@gmail.com,San Diego,PA,08/12/2020
424,William,Garcia,user424@gmail.com,Dallas,AZ,12/01/2021
425,James,Williams,user425@gmail.com,New York,AZ,30/08/2020
426,Mary,Johnson,user426@gmail.com,San Diego,TX,19/08/2021
427,Charles,Hernandez,user427@gmail.com,Los Angeles,PA,24/04/2021
428,Jessica,Miller,user428@gmail.com,Philadelphia,TX,19/09/2022
429,Karen,Martinez,user429@gmail.com,San Diego,IL,04/01/2022
430,Michael,Anderson,user430@gmail.com,San Diego,AZ,19/07/2022
431,Robert,Johnson,user431@gmail.com,San Diego,NY,26/04/2020
432,Linda,Brown,user432@gmail.com,New York,NY,03/03/2022
433,Jessica,Miller,user433@gmail.com,Los Angeles,CA,11/11/2022
434,Linda,Smith,user434@gmail.com,San Jose,TX,21/08/2020
435,David,Davis,user435@gmail.com,Phoenix,IL,27/07/2021
436,Linda,Miller,user436@gmail.com,Los Angeles,CA,28/01/2021
437,John,Taylor,user437@gmail.com,Los Angeles,TX,11/04/2022
438,Thomas,Martin,user438@gmail.com,Dallas,CA,28/11/2020
439,Linda,Garcia,user439@gmail.com,San Antonio,IL,03/06/2021
440,Joseph,Williams,user440@gmail.com,San Antonio,CA,14/02/2020
441,Barbara,Taylor,user441@gmail.com,San Diego,TX,17/08/2021
442,David,Hernandez,user442@gmail.com,San Antonio,CA,24/10/2021
443,David,Martin,user443@gmail.com,San Jose,AZ,14/08/2021
444,Jessica,Rodriguez,user444@gmail.com,Los Angeles,IL,22/10/2022
445,Patricia,Rodriguez,user445@gmail.com,Chicago,PA,20/12/2022
446,Sarah,Martin,user446@gmail.com,San Antonio,CA,18/09/2020
447,Mary,Wilson,user447@gmail.com,Philadelphia,AZ,31/10/2021
448,Linda,Garcia,user448@gmail.com,Los Angeles,AZ,22/08/2022
449,Robert,Martin,user449@gmail.com,New York,TX,15/09/2021
450,Richard,Anderson,user450@gmail.com,Los Angeles,TX,07/03/2021
451,David,Moore,user451@gmail.com,Chicago,TX,11/08/2020
452,Linda,Martin,user452@gmail.com,New York,CA,30/05/2022
453,William,Williams,user453@gmail.com,Chicago,NY,11/03/2020
454,Elizabeth,Davis,user454@gmail.com,New York,TX,19/02/2022
455,Jessica,Martin,user455@gmail.com,New York,TX,16/08/2021
456,David,Lopez,user456@gmail.com,Phoenix,NY,16/02/2022
457,Susan,Jones,user457@gmail.com,New York,TX,02/08/2020
458,John,Smith,user458@gmail.com,San Antonio,CA,28/12/2020
459,John,Rodriguez,user459@gmail.com,San Antonio,CA,11/10/2022
460,Linda,Taylor,user460@gmail.com,New York,IL,01/01/2021
461,Linda,Williams,user461@gmail.com,San Jose,AZ,28/11/2022
462,Elizabeth,Moore,user462@gmail.com,Dallas,TX,03/07/2022
463,Elizabeth,Garcia,user463@gmail.com,Dallas,NY,07/12/2022
464,Joseph,Lopez,user464@gmail.com,Los Angeles,TX,02/09/2020
465,Mary,Garcia,user465@gmail.com,New York,TX,16/10/2022
466,William,Brown,user466@gmail.com,Los Angeles,TX,14/08/2020
467,Richard,Jackson,user467@gmail.com,San Jose,CA,07/01/2021
468,Sarah,Williams,user468@gmail.com,Phoenix,CA,10/09/2021
469,James,Wilson,user469@gmail.com,New York,AZ,10/12/2021
470,James,Johnson,user470@gmail.com,San Diego,TX,06/09/2022
471,Joseph,Hernandez,user471@gmail.com,New York,AZ,26/08/2020
472,Jessica,Rodriguez,user472@gmail.com,Phoenix,TX,15/06/2020
473,John,Garcia,user473@gmail.com,San Jose,TX,21/12/2021
474,Jennifer,Rodriguez,user474@gmail.com,San Antonio,TX,16/11/2021
475,Karen,Moore,user475@gmail.com,New York,AZ,16/06/2022
476,Susan,Martin,user476@gmail.com,Chicago,AZ,12/04/2020
477,John,Taylor,user477@gmail.com,Houston,AZ,04/12/2021
478,Joseph,Hernandez,user478@gmail.com,Phoenix,AZ,05/08/2021
479,Michael,Rodriguez,user479@gmail.com,New York,TX,03/12/2022
480,Barbara,Jackson,user480@gmail.com,Dallas,CA,20/06/2021
481,Robert,Williams,user481@gmail.com,Dallas,CA,14/06/2021
482,Charles,Johnson,user482@gmail.com,Dallas,IL,06/11/2022
483,Karen,Williams,user483@gmail.com,Los Angeles,TX,26/09/2022
484,Robert,Martin,user484@gmail.com,New York,NY,28/06/2022
485,William,Taylor,user485@gmail.com,Philadelphia,PA,30/03/2021
486,James,Hernandez,user486@gmail.com,Los Angeles,IL,09/11/2022
487,Jessica,Taylor,user487@gmail.com,Phoenix,NY,26/11/2020
488,Michael,Lopez,user488@gmail.com,Dallas,AZ,12/12/2021
489,William,Williams,user489@gmail.com,Los Angeles,IL,30/01/2022
490,William,Wilson,user490@gmail.com,Los Angeles,CA,22/02/2021
491,Jessica,Miller,user491@gmail.com,San Diego,PA,10/06/2020
492,Jennifer,Davis,user492@gmail.com,San Jose,IL,18/10/2021
493,James,Jackson,user493@gmail.com,Phoenix,TX,04/09/2022
494,Richard,Johnson,user494@gmail.com,New York,AZ,19/12/2020
495,James,Miller,user495@gmail.com,New York,CA,28/09/2021
496,William,Thomas,user496@gmail.com,Los Angeles,TX,04/08/2021
497,Thomas,Smith,user497@gmail.com,Dallas,PA,11/02/2022
498,Jennifer,Wilson,user498@gmail.com,Philadelphia,CA,18/04/2022
499,Susan,Williams,user499@gmail.com,Houston,CA,15/05/2020
500,Michael,Wilson,user500@gmail.com,Chicago,PA,09/04/2022
501,Michael,Moore,user501@gmail.com,San Antonio,CA,03/12/2021
502,John,Williams,user502@gmail.com,Chicago,CA,23/01/2021
503,John,Garcia,user503@gmail.com,San Diego,AZ,19/12/2020
504,James,Gonzalez,user504@gmail.com,Dallas,AZ,17/07/2021
505,Sarah,Hernandez,user505@gmail.com,Philadelphia,TX,29/11/2020
506,Elizabeth,Jones,user506@gmail.com,Chicago,CA,17/02/2021
507,Thomas,Hernandez,user507@gmail.com,Houston,AZ,02/10/2022
508,Linda,Johnson,user508@gmail.com,San Jose,TX,09/04/2022
509,Joseph,Lopez,user509@gmail.com,San Antonio,TX,21/04/2022
510,Susan,Smith,user510@gmail.com,Houston,IL,01/07/2020
511,Joseph,Moore,user511@gmail.com,Philadelphia,CA,12/10/2021
512,Charles,Davis,user512@gmail.com,Dallas,CA,05/03/2022
513,Patricia,Jackson,user513@gmail.com,San Antonio,CA,22/06/2020
514,Jennifer,Johnson,user514@gmail.com,San Jose,TX,13/01/2020
515,Robert,Taylor,user515@gmail.com,San Jose,CA,23/08/2020
516,Susan,Davis,user516@gmail.com,San Diego,TX,06/02/2020
517,Elizabeth,Jackson,user517@gmail.com,San Jose,NY,19/06/2022
518,Elizabeth,Brown,user518@gmail.com,Phoenix,TX,09/08/2022
519,John,Martinez,user519@gmail.com,New York,CA,31/07/2022
520,Elizabeth,Hernandez,user520@gmail.com,Los Angeles,AZ,16/07/2022
521,Michael,Wilson,user521@gmail.com,New York,NY,21/07/2022
522,Jennifer,Wilson,user522@gmail.com,San Diego,CA,06/01/2020
523,Linda,Hernandez,user523@gmail.com,Los Angeles,PA,16/03/2021
524,Karen,Hernandez,user524@gmail.com,Dallas,CA,02/11/2020
525,Sarah,Brown,user525@gmail.com,Houston,PA,15/09/2022
526,Patricia,Martinez,user526@gmail.com,Houston,AZ,23/04/2022
527,Patricia,Wilson,user527@gmail.com,Houston,IL,15/06/2021
528,William,Moore,user528@gmail.com,Chicago,TX,17/04/2020
529,Patricia,Taylor,user529@gmail.com,Phoenix,TX,05/02/2020
530,Richard,Garcia,user530@gmail.com,Houston,TX,23/11/2020
531,Linda,Jones,user531@gmail.com,Phoenix,CA,26/12/2020
532,Sarah,Jackson,user532@gmail.com,Houston,TX,07/11/2021
533,Mary,Garcia,user533@gmail.com,San Diego,CA,22/05/2021
534,Michael,Hernandez,user534@gmail.com,Chicago,PA,03/07/2020
535,Joseph,Lopez,user535@gmail.com,Los Angeles,NY,09/09/2022
536,John,Williams,user536@gmail.com,San Antonio,CA,24/07/2021
537,Joseph,Anderson,user537@gmail.com,Chicago,NY,27/10/2021
538,James,Brown,user538@gmail.com,Los Angeles,CA,03/09/2021
539,Elizabeth,Gonzalez,user539@gmail.com,San Diego,TX,04/06/2021
540,Karen,Wilson,user540@gmail.com,Chicago,TX,28/06/2021
541,Joseph,Wilson,user541@gmail.com,San Diego,CA,07/06/2020
542,Jennifer,Garcia,user542@gmail.com,Phoenix,TX,07/04/2021
543,Karen,Hernandez,user543@gmail.com,New York,NY,27/07/2021
544,Karen,Williams,user544@gmail.com,New York,PA,12/12/2022
545,William,Rodriguez,user545@gmail.com,Houston,CA,16/10/2021
546,Jessica,Anderson,user546@gmail.com,San Diego,AZ,02/02/2021
547,Thomas,Miller,user547@gmail.com,San Jose,CA,06/09/2020
548,Sarah,Brown,user548@gmail.com,Houston,NY,16/11/2021
549,Linda,Lopez,user549@gmail.com,Phoenix,NY,26/08/2021
550,Robert,Anderson,user550@gmail.com,Chicago,NY,04/09/2020
551,Patricia,Moore,user551@gmail.com,San Jose,CA,12/06/2021
552,Jennifer,Davis,user552@gmail.com,Dallas,IL,06/10/2020
553,Barbara,Anderson,user553@gmail.com,San Diego,TX,09/05/2021
554,Jennifer,Garcia,user554@gmail.com,Chicago,TX,30/04/2020
555,James,Taylor,user555@gmail.com,Chicago,AZ,07/01/2021
556,Charles,Jackson,user556@gmail.com,Philadelphia,TX,07/11/2022
557,Jennifer,Smith,user557@gmail.com,San Antonio,CA,13/06/2020
558,Joseph,Davis,user558@gmail.com,Phoenix,AZ,17/07/2020
559,William,Wilson,user559@gmail.com,New York,NY,05/02/2022
560,Joseph,Miller,user560@gmail.com,Philadelphia,PA,28/10/2020
561,Elizabeth,Rodriguez,user561@gmail.com,Dallas,TX,03/10/2021
562,Linda,Hernandez,user562@gmail.com,New York,IL,18/01/2021
563,John,Williams,user563@gmail.com,Philadelphia,TX,23/05/2022
564,Richard,Anderson,user564@gmail.com,Houston,CA,27/05/2021
565,Mary,Martin,user565@gmail.com,San Jose,CA,05/06/2022
566,William,Jones,user566@gmail.com,San Jose,IL,03/05/2022
567,Jessica,Jones,user567@gmail.com,Houston,TX,17/11/2021
568,Robert,Thomas,user568@gmail.com,Dallas,TX,07/07/2021
569,Linda,Garcia,user569@gmail.com,San Jose,CA,20/01/2020
570,Susan,Miller,user570@gmail.com,Chicago,CA,12/08/2021
571,Sarah,Anderson,user571@gmail.com,San Antonio,AZ,18/08/2021
572,Michael,Moore,user572@gmail.com,San Antonio,AZ,07/02/2022
573,Charles,Rodriguez,user573@gmail.com,Dallas,TX,02/04/2021
574,Michael,Wilson,user574@gmail.com,Dallas,PA,04/03/2020
575,Richard,Anderson,user575@gmail.com,San Diego,CA,01/02/2021
576,David,Williams,user576@gmail.com,Dallas,CA,18/05/2020
577,Thomas,Jackson,user577@gmail.com,New York,CA,07/11/2021
578,Jessica,Miller,user578@gmail.com,San Diego,TX,06/03/2022
579,Karen,Hernandez,user579@gmail.com,Chicago,NY,04/10/2021
580,Charles,Johnson,user580@gmail.com,Houston,TX,09/10/2022
581,Robert,Smith,user581@gmail.com,San Antonio,TX,24/05/2020
582,Elizabeth,Garcia,user582@gmail.com,San Jose,TX,21/02/2021
583,Jennifer,Williams,user583@gmail.com,San Jose,TX,31/01/2022
584,Jennifer,Wilson,user584@gmail.com,Chicago,CA,09/01/2020
585,Thomas,Jackson,user585@gmail.com,Phoenix,CA,14/12/2021
586,Susan,Jones,user586@gmail.com,Los Angeles,CA,16/12/2020
587,Thomas,Hernandez,user587@gmail.com,Houston,AZ,21/06/2021
588,Elizabeth,Brown,user588@gmail.com,Los Angeles,TX,29/08/2022
589,Susan,Jones,user589@gmail.com,Houston,CA,08/09/2021
590,Joseph,Lopez,user590@gmail.com,Chicago,NY,01/07/2020
591,Patricia,Anderson,user591@gmail.com,Dallas,AZ,20/07/2021
592,Mary,Smith,user592@gmail.com,San Diego,TX,06/06/2020
593,Susan,Miller,user593@gmail.com,San Jose,TX,17/11/2021
594,Joseph,Martin,user594@gmail.com,Dallas,AZ,19/05/2022
595,Charles,Rodriguez,user595@gmail.com,Los Angeles,CA,01/02/2022
596,Susan,Martin,user596@gmail.com,Dallas,TX,20/01/2022
597,Joseph,Taylor,user597@gmail.com,New York,PA,30/09/2021
598,Jennifer,Brown,user598@gmail.com,Dallas,IL,27/04/2020
599,James,Williams,user599@gmail.com,Phoenix,TX,20/04/2022
600,Sarah,Thomas,user600@gmail.com,Dallas,CA,06/06/2021
601,Thomas,Rodriguez,user601@gmail.com,Dallas,TX,15/12/2020
602,Linda,Taylor,user602@gmail.com,Houston,CA,17/10/2022
603,Linda,Miller,user603@gmail.com,San Diego,CA,11/02/2020
604,Jessica,Thomas,user604@gmail.com,Philadelphia,TX,02/08/2022
605,Jennifer,Gonzalez,user605@gmail.com,Philadelphia,AZ,02/09/2020
606,Barbara,Moore,user606@gmail.com,Dallas,IL,08/06/2022
607,William,Davis,user607@gmail.com,Los Angeles,TX,14/01/2022
608,Mary,Johnson,user608@gmail.com,Chicago,CA,26/07/2022
609,Jennifer,Hernandez,user609@gmail.com,Chicago,PA,26/05/2021
610,Michael,Wilson,user610@gmail.com,San Antonio,TX,15/10/2020
611,Linda,Martin,user611@gmail.com,Phoenix,AZ,02/05/2020
612,Thomas,Thomas,user612@gmail.com,New York,TX,17/03/2022
613,Sarah,Hernandez,user613@gmail.com,San Diego,TX,19/10/2021
614,Robert,Jackson,user614@gmail.com,Phoenix,PA,19/09/2022
615,Joseph,Rodriguez,user615@gmail.com,Houston,NY,17/01/2022
616,Robert,Rodriguez,user616@gmail.com,Houston,NY,15/12/2020
617,Mary,Johnson,user617@gmail.com,Los Angeles,NY,03/08/2022
618,James,Davis,user618@gmail.com,New York,TX,22/04/2022
619,Barbara,Miller,user619@gmail.com,Philadelphia,AZ,11/10/2022
620,Sarah,Brown,user620@gmail.com,Chicago,CA,29/04/2020
621,Mary,Brown,user621@gmail.com,Dallas,AZ,13/07/2020
622,Barbara,Thomas,user622@gmail.com,Houston,CA,07/09/2021
623,Jessica,Brown,user623@gmail.com,Los Angeles,CA,24/03/2022
624,Karen,Rodriguez,user624@gmail.com,Houston,TX,20/12/2020
625,Susan,Williams,user625@gmail.com,Houston,PA,12/07/2020
626,Linda,Martinez,user626@gmail.com,New York,PA,06/11/2022
627,Linda,Brown,user627@gmail.com,San Diego,TX,11/11/2021
628,Susan,Rodriguez,user628@gmail.com,Houston,AZ,25/01/2022
629,Susan,Smith,user629@gmail.com,Houston,IL,02/09/2021
630,Susan,Smith,user630@gmail.com,San Antonio,CA,07/05/2020
631,Mary,Rodriguez,user631@gmail.com,Los Angeles,IL,07/10/2021
632,Patricia,Williams,user632@gmail.com,Philadelphia,NY,15/09/2020
633,Charles,Hernandez,user633@gmail.com,Philadelphia,TX,17/02/2022
634,Patricia,Jackson,user634@gmail.com,San Antonio,CA,31/10/2020
635,William,Smith,user635@gmail.com,Los Angeles,PA,29/12/2022
636,Jessica,Garcia,user636@gmail.com,San Antonio,TX,27/05/2021
637,Joseph,Wilson,user637@gmail.com,Los Angeles,TX,26/03/2022
638,Thomas,Moore,user638@gmail.com,Los Angeles,AZ,11/01/2021
639,Patricia,Hernandez,user639@gmail.com,New York,TX,14/12/2020
640,Patricia,Martin,user640@gmail.com,Dallas,CA,13/08/2022
641,Joseph,Moore,user641@gmail.com,Dallas,PA,26/01/2020
642,Barbara,Martin,user642@gmail.com,Phoenix,CA,24/01/2021
643,Michael,Martin,user643@gmail.com,San Antonio,TX,21/03/2021
644,Patricia,Martin,user644@gmail.com,San Jose,CA,01/02/2020
645,Jennifer,Martinez,user645@gmail.com,San Antonio,CA,03/11/2020
646,Jessica,Gonzalez,user646@gmail.com,Chicago,CA,14/09/2020
647,William,Moore,user647@gmail.com,Los Angeles,IL,28/06/2020
648,Richard,Rodriguez,user648@gmail.com,Houston,IL,18/05/2020
649,David,Anderson,user649@gmail.com,San Diego,TX,06/02/2020
650,Jessica,Thomas,user650@gmail.com,New York,CA,08/03/2020
651,Susan,Brown,user651@gmail.com,San Diego,CA,03/02/2020
652,Susan,Lopez,user652@gmail.com,Los Angeles,AZ,09/04/2022
653,Jennifer,Anderson,user653@gmail.com,San Jose,AZ,06/02/2021
654,Sarah,Hernandez,user654@gmail.com,San Diego,TX,23/05/2021
655,Susan,Smith,user655@gmail.com,Los Angeles,CA,31/08/2022
656,Charles,Anderson,user656@gmail.com,San Antonio,AZ,27/09/2020
657,Linda,Davis,user657@gmail.com,Chicago,TX,17/12/2022
658,Richard,Martinez,user658@gmail.com,Philadelphia,CA,11/08/2020
659,Mary,Garcia,user659@gmail.com,San Antonio,CA,14/06/2020
660,Richard,Miller,user660@gmail.com,Philadelphia,NY,12/03/2020
661,Barbara,Garcia,user661@gmail.com,Phoenix,CA,03/07/2020
662,Sarah,Anderson,user662@gmail.com,Dallas,CA,08/06/2020
663,Mary,Lopez,user663@gmail.com,Dallas,AZ,15/12/2020
664,Elizabeth,Miller,user664@gmail.com,Chicago,CA,11/01/2022
665,Robert,Martin,user665@gmail.com,San Antonio,PA,10/01/2022
666,Barbara,Anderson,user666@gmail.com,Los Angeles,TX,09/12/2022
667,Patricia,Jones,user667@gmail.com,New York,AZ,23/04/2020
668,John,Williams,user668@gmail.com,San Jose,IL,02/05/2021
669,Charles,Davis,user669@gmail.com,Houston,NY,28/09/2021
670,Barbara,Gonzalez,user670@gmail.com,Chicago,TX,15/04/2020
671,Thomas,Moore,user671@gmail.com,Houston,TX,14/10/2022
672,David,Moore,user672@gmail.com,Chicago,CA,20/03/2020
673,Linda,Moore,user673@gmail.com,San Jose,AZ,17/10/2022
674,Elizabeth,Jackson,user674@gmail.com,Dallas,TX,08/08/2020
675,William,Taylor,user675@gmail.com,Houston,CA,24/07/2020
676,Jennifer,Davis,user676@gmail.com,Houston,AZ,08/07/2020
677,Thomas,Brown,user677@gmail.com,San Antonio,CA,13/09/2022
678,Barbara,Garcia,user678@gmail.com,Houston,TX,05/05/2022
679,Jennifer,Thomas,user679@gmail.com,Dallas,TX,07/05/2022
680,David,Jones,user680@gmail.com,Dallas,TX,19/06/2021
681,Sarah,Martinez,user681@gmail.com,Dallas,TX,18/11/2022
682,Jessica,Martinez,user682@gmail.com,Philadelphia,TX,31/01/2022
683,Patricia,Hernandez,user683@gmail.com,San Jose,PA,04/08/2020
684,James,Davis,user684@gmail.com,Dallas,PA,18/06/2022
685,James,Jones,user685@gmail.com,Chicago,CA,28/09/2021
686,Joseph,Martinez,user686@gmail.com,Los Angeles,IL,06/05/2021
687,Thomas,Hernandez,user687@gmail.com,San Jose,PA,10/12/2020
688,David,Martinez,user688@gmail.com,Los Angeles,CA,21/04/2022
689,Charles,Moore,user689@gmail.com,San Antonio,CA,15/04/2022
690,Sarah,Williams,user690@gmail.com,San Jose,NY,08/04/2022
691,Charles,Johnson,user691@gmail.com,Phoenix,PA,22/07/2022
692,Karen,Gonzalez,user692@gmail.com,Houston,TX,16/09/2022
693,James,Wilson,user693@gmail.com,Los Angeles,IL,30/11/2021
694,Jessica,Williams,user694@gmail.com,Houston,AZ,21/12/2020
695,Karen,Jackson,user695@gmail.com,San Jose,TX,09/07/2021
696,Joseph,Thomas,user696@gmail.com,Philadelphia,AZ,13/02/2021
697,John,Moore,user697@gmail.com,Philadelphia,CA,20/02/2020
698,William,Anderson,user698@gmail.com,San Diego,PA,17/06/2021
699,James,Gonzalez,user699@gmail.com,Philadelphia,TX,03/07/2020
700,Joseph,Lopez,user700@gmail.com,Phoenix,TX,12/02/2022
701,James,Lopez,user701@gmail.com,San Antonio,IL,14/01/2020
702,Thomas,Garcia,user702@gmail.com,Chicago,NY,10/09/2021
703,Barbara,Miller,user703@gmail.com,Houston,TX,03/05/2022
704,Robert,Garcia,user704@gmail.com,Philadelphia,NY,19/12/2021
705,John,Smith,user705@gmail.com,Dallas,CA,27/03/2022
706,Jessica,Brown,user706@gmail.com,Philadelphia,AZ,26/03/2021
707,David,Moore,user707@gmail.com,Houston,AZ,12/10/2020
708,Mary,Miller,user708@gmail.com,San Diego,TX,09/02/2020
709,Elizabeth,Taylor,user709@gmail.com,Phoenix,IL,16/01/2020
710,Susan,Lopez,user710@gmail.com,Phoenix,CA,02/12/2020
711,William,Lopez,user711@gmail.com,San Diego,CA,05/11/2021
712,Sarah,Miller,user712@gmail.com,Dallas,PA,25/10/2020
713,Karen,Garcia,user713@gmail.com,Houston,TX,19/03/2021
714,Charles,Miller,user714@gmail.com,San Diego,AZ,13/04/2022
715,Linda,Brown,user715@gmail.com,San Diego,TX,11/08/2021
716,Jessica,Brown,user716@gmail.com,Chicago,CA,13/03/2020
717,Thomas,Davis,user717@gmail.com,Houston,AZ,14/05/2021
718,Michael,Brown,user718@gmail.com,Los Angeles,CA,04/10/2020
719,Robert,Taylor,user719@gmail.com,Phoenix,TX,15/01/2022
720,Susan,Rodriguez,user720@gmail.com,Philadelphia,CA,06/04/2021
721,Karen,Brown,user721@gmail.com,Philadelphia,PA,27/11/2021
722,Jessica,Martinez,user722@gmail.com,Los Angeles,PA,28/12/2020
723,Robert,Garcia,user723@gmail.com,Houston,TX,11/12/2022
724,Susan,Garcia,user724@gmail.com,Los Angeles,CA,24/12/2020
725,John,Brown,user725@gmail.com,San Jose,IL,19/12/2020
726,Linda,Moore,user726@gmail.com,Phoenix,AZ,30/07/2020
727,Richard,Anderson,user727@gmail.com,San Jose,PA,03/04/2021
728,Jessica,Williams,user728@gmail.com,Los Angeles,CA,10/08/2021
729,James,Martin,user729@gmail.com,Dallas,AZ,15/11/2020
730,Patricia,Hernandez,user730@gmail.com,San Jose,TX,27/12/2021
731,Richard,Brown,user731@gmail.com,New York,CA,30/10/2020
732,Karen,Davis,user732@gmail.com,Philadelphia,CA,28/08/2020
733,Sarah,Garcia,user733@gmail.com,Dallas,PA,24/09/2021
734,Charles,Moore,user734@gmail.com,Chicago,CA,25/07/2020
735,Sarah,Smith,user735@gmail.com,San Jose,TX,22/10/2020
736,Karen,Jones,user736@gmail.com,Dallas,PA,14/01/2021
737,David,Gonzalez,user737@gmail.com,Los Angeles,CA,14/02/2021
738,James,Lopez,user738@gmail.com,Los Angeles,IL,25/05/2022
739,Susan,Jones,user739@gmail.com,San Jose,AZ,12/08/2020
740,John,Moore,user740@gmail.com,Los Angeles,IL,27/10/2020
741,David,Smith,user741@gmail.com,Chicago,NY,08/03/2021
742,Michael,Johnson,user742@gmail.com,Houston,NY,08/03/2020
743,Susan,Williams,user743@gmail.com,Chicago,NY,19/06/2020
744,Patricia,Taylor,user744@gmail.com,Philadelphia,CA,11/06/2021
745,Patricia,Rodriguez,user745@gmail.com,Philadelphia,CA,09/08/2021
746,Richard,Martinez,user746@gmail.com,Phoenix,TX,17/08/2021
747,Linda,Rodriguez,user747@gmail.com,Los Angeles,IL,12/10/2021
748,Mary,Martin,user748@gmail.com,San Jose,PA,23/03/2020
749,Linda,Moore,user749@gmail.com,Houston,CA,20/11/2021
750,Susan,Wilson,user750@gmail.com,San Antonio,NY,20/03/2022
751,David,Moore,user751@gmail.com,San Diego,PA,24/05/2020
752,Thomas,Garcia,user752@gmail.com,Dallas,NY,23/10/2021
753,Joseph,Garcia,user753@gmail.com,Los Angeles,AZ,08/05/2021
754,Sarah,Martin,user754@gmail.com,Dallas,AZ,30/10/2020
755,Charles,Williams,user755@gmail.com,San Antonio,CA,17/09/2020
756,Barbara,Thomas,user756@gmail.com,San Antonio,AZ,30/11/2020
757,Patricia,Lopez,user757@gmail.com,New York,TX,24/06/2020
758,Barbara,Brown,user758@gmail.com,San Jose,CA,13/06/2022
759,James,Wilson,user759@gmail.com,San Jose,TX,12/08/2022
760,Barbara,Williams,user760@gmail.com,San Diego,TX,12/06/2021
761,William,Davis,user761@gmail.com,Chicago,CA,27/05/2021
762,Richard,Gonzalez,user762@gmail.com,Houston,TX,06/07/2022
763,Charles,Martin,user763@gmail.com,San Jose,CA,22/03/2020
764,John,Jackson,user764@gmail.com,Houston,PA,07/09/2021
765,Sarah,Garcia,user765@gmail.com,Los Angeles,CA,02/08/2022
766,Elizabeth,Williams,user766@gmail.com,Chicago,CA,28/12/2021
767,Michael,Moore,user767@gmail.com,Phoenix,TX,05/08/2021
768,Thomas,Rodriguez,user768@gmail.com,Chicago,NY,14/06/2022
769,Patricia,Moore,user769@gmail.com,Phoenix,IL,16/02/2020
770,Jennifer,Rodriguez,user770@gmail.com,San Diego,NY,31/01/2020
771,Charles,Brown,user771@gmail.com,San Diego,AZ,08/08/2022
772,Linda,Moore,user772@gmail.com,San Jose,CA,13/05/2021
773,Richard,Jackson,user773@gmail.com,Chicago,CA,06/02/2021
774,Elizabeth,Wilson,user774@gmail.com,Phoenix,PA,09/07/2020
775,Jennifer,Garcia,user775@gmail.com,New York,PA,27/10/2021
776,Susan,Johnson,user776@gmail.com,San Antonio,TX,27/09/2020
777,Thomas,Gonzalez,user777@gmail.com,Chicago,TX,06/06/2021
778,Charles,Hernandez,user778@gmail.com,San Antonio,CA,26/02/2022
779,Susan,Jones,user779@gmail.com,San Diego,IL,10/07/2020
780,Robert,Taylor,user780@gmail.com,San Jose,TX,11/09/2021
781,Thomas,Wilson,user781@gmail.com,San Antonio,TX,25/05/2020
782,Mary,Thomas,user782@gmail.com,Phoenix,CA,20/08/2021
783,Mary,Martinez,user783@gmail.com,Dallas,CA,28/07/2021
784,James,Gonzalez,user784@gmail.com,New York,AZ,27/04/2022
785,Joseph,Martin,user785@gmail.com,Philadelphia,CA,06/04/2020
786,Robert,Miller,user786@gmail.com,Philadelphia,TX,26/01/2022
787,Elizabeth,Johnson,user787@gmail.com,San Antonio,TX,30/07/2020
788,Patricia,Miller,user788@gmail.com,San Antonio,TX,14/03/2020
789,Joseph,Gonzalez,user789@gmail.com,Los Angeles,AZ,19/03/2020
790,Patricia,Davis,user790@gmail.com,San Jose,TX,09/09/2020
791,Michael,Jackson,user791@gmail.com,Phoenix,CA,02/06/2020
792,Barbara,Jones,user792@gmail.com,Philadelphia,IL,28/06/2020
793,John,Miller,user793@gmail.com,Los Angeles,AZ,29/03/2022
794,Jessica,Miller,user794@gmail.com,Dallas,AZ,29/04/2021
795,William,Brown,user795@gmail.com,Philadelphia,NY,28/05/2020
796,Michael,Martin,user796@gmail.com,Phoenix,PA,14/03/2021
797,John,Martin,user797@gmail.com,San Diego,CA,20/04/2021
798,Thomas,Lopez,user798@gmail.com,San Diego,PA,15/01/2022
799,Thomas,Garcia,user799@gmail.com,New York,AZ,15/03/2022
800,Thomas,Anderson,user800@gmail.com,San Antonio,PA,30/04/2020
801,Jennifer,Smith,user801@gmail.com,Philadelphia,TX,08/05/2021
802,Jessica,Smith,user802@gmail.com,Chicago,CA,30/12/2022
803,William,Brown,user803@gmail.com,New York,AZ,14/04/2022
804,James,Moore,user804@gmail.com,Los Angeles,TX,31/10/2020
805,William,Jackson,user805@gmail.com,New York,NY,28/04/2020
806,Sarah,Taylor,user806@gmail.com,Chicago,CA,21/12/2021
807,Michael,Miller,user807@gmail.com,Philadelphia,TX,24/10/2022
808,Barbara,Lopez,user808@gmail.com,Los Angeles,IL,05/09/2022
809,John,Rodriguez,user809@gmail.com,Philadelphia,TX,25/02/2022
810,Linda,Thomas,user810@gmail.com,San Jose,TX,04/01/2022
811,Charles,Smith,user811@gmail.com,San Diego,TX,18/08/2020
812,Richard,Lopez,user812@gmail.com,Chicago,PA,01/02/2022
813,Jennifer,Anderson,user813@gmail.com,Chicago,PA,07/04/2021
814,John,Moore,user814@gmail.com,New York,CA,21/03/2020
815,Michael,Jackson,user815@gmail.com,Chicago,TX,03/02/2021
816,Patricia,Rodriguez,user816@gmail.com,San Antonio,TX,13/09/2021
817,Thomas,Rodriguez,user817@gmail.com,Dallas,TX,04/09/2021
818,John,Martin,user818@gmail.com,San Diego,AZ,06/04/2021
819,Elizabeth,Martinez,user819@gmail.com,Chicago,AZ,18/06/2022
820,Elizabeth,Martinez,user820@gmail.com,Phoenix,CA,29/09/2020
821,Thomas,Moore,user821@gmail.com,New York,PA,21/11/2022
822,Robert,Rodriguez,user822@gmail.com,New York,TX,16/07/2020
823,Linda,Jackson,user823@gmail.com,Dallas,CA,22/08/2022
824,Thomas,Smith,user824@gmail.com,San Jose,NY,25/12/2021
825,Karen,Hernandez,user825@gmail.com,San Antonio,IL,23/04/2022
826,Michael,Rodriguez,user826@gmail.com,Houston,PA,06/08/2020
827,Mary,Jones,user827@gmail.com,Houston,CA,27/08/2022
828,Jennifer,Garcia,user828@gmail.com,Chicago,IL,07/11/2020
829,Karen,Brown,user829@gmail.com,Phoenix,CA,16/10/2021
830,Jessica,Gonzalez,user830@gmail.com,San Diego,IL,08/01/2020
831,Elizabeth,Miller,user831@gmail.com,Chicago,IL,14/05/2020
832,Thomas,Brown,user832@gmail.com,Philadelphia,PA,16/11/2022
833,William,Jones,user833@gmail.com,Houston,PA,09/09/2022
834,David,Gonzalez,user834@gmail.com,Chicago,TX,27/02/2022
835,Jessica,Lopez,user835@gmail.com,New York,PA,29/04/2022
836,Susan,Taylor,user836@gmail.com,San Diego,IL,10/04/2021
837,Barbara,Davis,user837@gmail.com,San Antonio,CA,17/04/2022
838,Robert,Taylor,user838@gmail.com,San Antonio,CA,24/12/2020
839,David,Garcia,user839@gmail.com,San Diego,TX,08/01/2020
840,Joseph,Moore,user840@gmail.com,San Jose,IL,31/10/2022
841,Susan,Jones,user841@gmail.com,Dallas,TX,01/09/2020
842,Thomas,Lopez,user842@gmail.com,San Jose,TX,15/11/2022
843,Patricia,Jackson,user843@gmail.com,Chicago,TX,06/09/2022
844,Robert,Thomas,user844@gmail.com,Los Angeles,TX,13/11/2022
845,Patricia,Jackson,user845@gmail.com,Houston,NY,18/07/2020
846,Michael,Garcia,user846@gmail.com,Houston,TX,02/11/2021
847,Charles,Johnson,user847@gmail.com,San Diego,TX,03/12/2021
848,Joseph,Johnson,user848@gmail.com,San Diego,CA,27/01/2021
849,William,Hernandez,user849@gmail.com,San Antonio,NY,13/08/2022
850,John,Wilson,user850@gmail.com,Phoenix,CA,07/07/2022
851,Richard,Brown,user851@gmail.com,New York,TX,15/05/2021
852,Thomas,Jones,user852@gmail.com,Philadelphia,CA,31/05/2022
853,James,Martinez,user853@gmail.com,New York,TX,06/10/2020
854,Karen,Moore,user854@gmail.com,Los Angeles,TX,06/12/2021
855,Barbara,Hernandez,user855@gmail.com,Philadelphia,PA,23/10/2022
856,Jessica,Martinez,user856@gmail.com,New York,TX,02/01/2021
857,John,Taylor,user857@gmail.com,Philadelphia,TX,27/12/2020
858,Barbara,Wilson,user858@gmail.com,Dallas,CA,19/09/2022
859,Sarah,Taylor,user859@gmail.com,Philadelphia,AZ,08/07/2021
860,Richard,Garcia,user860@gmail.com,New York,CA,29/08/2021
861,Charles,Brown,user861@gmail.com,Dallas,TX,11/01/2020
862,Sarah,Thomas,user862@gmail.com,San Antonio,IL,04/10/2021
863,John,Smith,user863@gmail.com,Phoenix,AZ,18/04/2021
864,Mary,Hernandez,user864@gmail.com,San Antonio,TX,25/06/2021
865,Richard,Martin,user865@gmail.com,Philadelphia,CA,12/04/2022
866,William,Wilson,user866@gmail.com,San Diego,CA,02/04/2022
867,Mary,Brown,user867@gmail.com,San Diego,IL,28/11/2021
868,Sarah,Hernandez,user868@gmail.com,San Diego,TX,12/12/2022
869,Robert,Taylor,user869@gmail.com,Philadelphia,CA,23/09/2020
870,Barbara,Jones,user870@gmail.com,Los Angeles,PA,09/10/2021
871,Jessica,Lopez,user871@gmail.com,New York,NY,30/11/2022
872,William,Rodriguez,user872@gmail.com,Philadelphia,CA,16/05/2020
873,Barbara,Martinez,user873@gmail.com,Los Angeles,TX,05/04/2020
874,Susan,Wilson,user874@gmail.com,San Antonio,CA,04/07/2021
875,Karen,Thomas,user875@gmail.com,San Jose,TX,14/07/2021
876,Patricia,Davis,user876@gmail.com,Los Angeles,IL,23/11/2021
877,Karen,Rodriguez,user877@gmail.com,San Antonio,PA,09/02/2022
878,Karen,Martinez,user878@gmail.com,New York,PA,24/10/2022
879,Michael,Jones,user879@gmail.com,Philadelphia,TX,07/06/2020
880,Joseph,Taylor,user880@gmail.com,San Diego,CA,18/05/2022
881,Sarah,Jones,user881@gmail.com,Houston,TX,09/06/2022
882,Michael,Martinez,user882@gmail.com,Los Angeles,PA,12/11/2021
883,Robert,Gonzalez,user883@gmail.com,Dallas,AZ,23/12/2021
884,Linda,Smith,user884@gmail.com,Philadelphia,NY,08/06/2021
885,Linda,Jones,user885@gmail.com,Los Angeles,TX,13/05/2021
886,James,Garcia,user886@gmail.com,Phoenix,NY,13/05/2021
887,David,Lopez,user887@gmail.com,San Antonio,CA,18/09/2020
888,Michael,Williams,user888@gmail.com,Chicago,PA,13/08/2022
889,Richard,Taylor,user889@gmail.com,New York,TX,05/04/2020
890,Mary,Johnson,user890@gmail.com,San Jose,CA,06/04/2022
891,Mary,Martin,user891@gmail.com,Phoenix,TX,12/03/2022
892,Jessica,Johnson,user892@gmail.com,Phoenix,AZ,29/03/2022
893,James,Moore,user893@gmail.com,San Antonio,AZ,20/05/2021
894,Michael,Martinez,user894@gmail.com,Philadelphia,TX,12/06/2020
895,Linda,Lopez,user895@gmail.com,New York,AZ,02/06/2020
896,Michael,Johnson,user896@gmail.com,New York,TX,20/05/2020
897,Joseph,Jones,user897@gmail.com,San Antonio,TX,03/01/2022
898,William,Wilson,user898@gmail.com,Los Angeles,CA,03/11/2022
899,Barbara,Hernandez,user899@gmail.com,Dallas,PA,31/10/2022
900,Charles,Jackson,user900@gmail.com,Dallas,CA,14/08/2022
901,Thomas,Gonzalez,user901@gmail.com,Houston,AZ,30/09/2020
902,Jennifer,Taylor,user902@gmail.com,Chicago,CA,07/07/2022
903,William,Wilson,user903@gmail.com,San Diego,TX,29/04/2021
904,Michael,Jackson,user904@gmail.com,Houston,PA,11/10/2022
905,Jessica,Thomas,user905@gmail.com,Chicago,CA,27/10/2022
906,Robert,Taylor,user906@gmail.com,Chicago,TX,06/03/2020
907,John,Wilson,user907@gmail.com,Chicago,TX,04/08/2022
908,Thomas,Martin,user908@gmail.com,New York,IL,29/03/2022
909,Thomas,Wilson,user909@gmail.com,Phoenix,NY,07/07/2022
910,David,Martin,user910@gmail.com,Los Angeles,CA,08/04/2020
911,Elizabeth,Jones,user911@gmail.com,San Antonio,CA,19/07/2020
912,James,Garcia,user912@gmail.com,Houston,IL,19/12/2021
913,Elizabeth,Lopez,user913@gmail.com,Los Angeles,TX,11/11/2022
914,Jessica,Anderson,user914@gmail.com,San Diego,CA,10/09/2021
915,Jennifer,Hernandez,user915@gmail.com,San Diego,PA,23/04/2020
916,Karen,Miller,user916@gmail.com,New York,CA,03/08/2021
917,Richard,Garcia,user917@gmail.com,Phoenix,TX,19/07/2022
918,David,Williams,user918@gmail.com,San Jose,CA,16/06/2021
919,Jessica,Anderson,user919@gmail.com,Los Angeles,TX,17/02/2022
920,Sarah,Moore,user920@gmail.com,Dallas,TX,26/09/2022
921,William,Lopez,user921@gmail.com,Los Angeles,IL,15/09/2020
922,Karen,Taylor,user922@gmail.com,San Antonio,TX,27/12/2021
923,Linda,Brown,user923@gmail.com,Los Angeles,CA,09/12/2022
924,Elizabeth,Moore,user924@gmail.com,Los Angeles,NY,12/04/2020
925,Mary,Anderson,user925@gmail.com,New York,IL,08/12/2020
926,John,Wilson,user926@gmail.com,New York,PA,04/06/2022
927,Elizabeth,Williams,user927@gmail.com,Dallas,PA,20/11/2021
928,Karen,Anderson,user928@gmail.com,Los Angeles,CA,09/01/2020
929,John,Jones,user929@gmail.com,Chicago,TX,11/05/2020
930,John,Garcia,user930@gmail.com,Dallas,IL,15/02/2022
931,John,Miller,user931@gmail.com,Philadelphia,IL,13/12/2021
932,James,Davis,user932@gmail.com,Philadelphia,TX,12/04/2020
933,Jessica,Hernandez,user933@gmail.com,Dallas,PA,14/02/2021
934,Thomas,Taylor,user934@gmail.com,San Antonio,TX,24/02/2020
935,David,Hernandez,user935@gmail.com,Chicago,CA,23/12/2021
936,Jessica,Taylor,user936@gmail.com,Dallas,CA,02/05/2020
937,Richard,Jones,user937@gmail.com,Houston,IL,04/01/2022
938,William,Martinez,user938@gmail.com,San Jose,IL,02/10/2022
939,John,Moore,user939@gmail.com,Chicago,PA,09/10/2021
940,Thomas,Martin,user940@gmail.com,Dallas,TX,23/08/2022
941,Jessica,Taylor,user941@gmail.com,Chicago,TX,03/08/2022
942,Sarah,Martinez,user942@gmail.com,New York,CA,14/02/2021
943,Susan,Lopez,user943@gmail.com,San Jose,CA,14/11/2021
944,Jessica,Lopez,user944@gmail.com,Chicago,PA,04/12/2020
945,Michael,Johnson,user945@gmail.com,Chicago,CA,25/12/2022
946,Robert,Miller,user946@gmail.com,Phoenix,CA,10/02/2021
947,Richard,Rodriguez,user947@gmail.com,Dallas,TX,04/06/2022
948,Michael,Rodriguez,user948@gmail.com,San Antonio,CA,30/04/2020
949,Charles,Anderson,user949@gmail.com,Chicago,TX,18/02/2021
950,Jessica,Moore,user950@gmail.com,Chicago,AZ,04/01/2021
951,John,Rodriguez,user951@gmail.com,Houston,CA,07/02/2021
952,Linda,Hernandez,user952@gmail.com,San Antonio,IL,24/09/2022
953,Joseph,Anderson,user953@gmail.com,Houston,TX,02/02/2021
954,William,Lopez,user954@gmail.com,Dallas,CA,01/12/2022
955,Sarah,Hernandez,user955@gmail.com,Chicago,AZ,08/07/2022
956,Karen,Miller,user956@gmail.com,San Antonio,CA,06/12/2021
957,Patricia,Martinez,user957@gmail.com,San Jose,IL,26/07/2020
958,Richard,Garcia,user958@gmail.com,Dallas,CA,11/09/2021
959,Barbara,Brown,user959@gmail.com,Phoenix,TX,20/09/2020
960,Mary,Hernandez,user960@gmail.com,Houston,CA,01/01/2020
961,Jennifer,Garcia,user961@gmail.com,Los Angeles,IL,12/09/2022
962,Jennifer,Taylor,user962@gmail.com,Phoenix,IL,14/09/2021
963,Robert,Rodriguez,user963@gmail.com,Chicago,TX,12/07/2021
964,Thomas,Smith,user964@gmail.com,Chicago,CA,11/09/2020
965,Karen,Hernandez,user965@gmail.com,San Jose,TX,26/05/2022
966,Richard,Jones,user966@gmail.com,San Antonio,NY,12/07/2020
967,Jessica,Jackson,user967@gmail.com,Philadelphia,CA,04/04/2020
968,Mary,Jones,user968@gmail.com,Chicago,PA,22/12/2021
969,Jessica,Moore,user969@gmail.com,Dallas,AZ,12/06/2021
970,Linda,Anderson,user970@gmail.com,San Antonio,IL,05/03/2022
971,Michael,Williams,user971@gmail.com,San Diego,NY,25/06/2021
972,Jennifer,Gonzalez,user972@gmail.com,Houston,NY,07/06/2021
973,Barbara,Johnson,user973@gmail.com,San Antonio,TX,11/08/2022
974,Susan,Thomas,user974@gmail.com,Dallas,NY,07/10/2021
975,Joseph,Thomas,user975@gmail.com,San Diego,AZ,26/12/2021
976,Robert,Anderson,user976@gmail.com,San Antonio,CA,01/03/2020
977,William,Williams,user977@gmail.com,Phoenix,CA,11/11/2022
978,Sarah,Wilson,user978@gmail.com,San Diego,TX,16/09/2021
979,David,Johnson,user979@gmail.com,San Diego,CA,19/03/2021
980,Robert,Rodriguez,user980@gmail.com,Houston,TX,09/10/2022
981,Joseph,Lopez,user981@gmail.com,Dallas,TX,18/08/2022
982,John,Taylor,user982@gmail.com,New York,TX,30/07/2020
983,Linda,Davis,user983@gmail.com,Dallas,CA,03/08/2022
984,Elizabeth,Hernandez,user984@gmail.com,New York,CA,22/04/2020
985,Susan,Davis,user985@gmail.com,Phoenix,TX,09/10/2021
986,Robert,Smith,user986@gmail.com,Philadelphia,CA,06/10/2022
987,Sarah,Jackson,user987@gmail.com,San Jose,TX,30/11/2022
988,Michael,Brown,user988@gmail.com,Phoenix,IL,25/07/2021
989,Jennifer,Martin,user989@gmail.com,Houston,TX,07/01/2021
990,Patricia,Anderson,user990@gmail.com,Phoenix,CA,03/11/2021
991,Barbara,Gonzalez,user991@gmail.com,San Antonio,CA,06/09/2021
992,Mary,Moore,user992@gmail.com,Los Angeles,CA,16/04/2021
993,Jennifer,Jones,user993@gmail.com,San Antonio,AZ,13/01/2022
994,Jennifer,Lopez,user994@gmail.com,Dallas,NY,23/05/2021
995,Joseph,Thomas,user995@gmail.com,San Antonio,CA,11/09/2021
996,Karen,Moore,user996@gmail.com,Houston,NY,15/02/2020
997,Richard,Smith,user997@gmail.com,San Diego,PA,28/02/2020
998,David,Martin,user998@gmail.com,San Jose,CA,19/11/2021
999,Patricia,Wilson,user999@gmail.com,San Diego,NY,28/07/2021
1000,Mary,Smith,user1000@gmail.com,Dallas,TX,21/09/2021
